Hist block,Mycobacteriophage,T (raw),T (round),Hist block,Lytic,T (raw),T (round),Hist block,Lysogenic,T (raw),T (round),Hist block,Prophages,T (raw),T (round),Hist block,Marine,T (raw),T (round),Hist block,Marine,T (raw),T (round)
20000,15319,3.583,4,15000,14927,3.521,4,10000,6907,2.100,3,10000,9406,2.583,3,5000,2413,1.037,,,,,
20000,15319,3.583,4,15000,14935,3.522,4,15000,11660,2.983,3,15000,13078,3.222,3,5000,2413,1.037,,,,,
20000,15521,3.615,4,15000,14937,3.523,4,15000,14510,3.455,3,15000,14067,3.384,3,5000,2413,1.037,,,,,
20000,15524,3.615,4,15000,14939,3.523,4,15000,14796,3.500,3,15000,14202,3.406,3,5000,2413,1.037,,,,,
20000,15524,3.615,4,15000,14942,3.524,4,15000,14844,3.508,3,15000,14682,3.482,3,5000,2413,1.037,,,,,
20000,15524,3.615,4,15000,14954,3.525,4,15000,14935,3.522,3,20000,17325,3.891,4,5000,2413,1.037,,,,,
20000,15556,3.620,4,20000,16687,3.795,4,15000,14957,3.526,3,20000,17611,3.934,4,5000,2413,1.037,,,,,
20000,15556,3.620,4,20000,16784,3.809,4,20000,15141,3.555,4,20000,17626,3.937,4,5000,2413,1.037,,,,,
20000,15556,3.620,4,20000,18199,4.022,4,20000,15179,3.561,4,20000,17812,3.964,4,5000,2413,1.037,,,,,
20000,15556,3.620,4,20000,18227,4.026,4,20000,15465,3.606,4,20000,17910,3.979,4,5000,2413,1.037,,,,,
20000,15630,3.632,4,20000,18630,4.086,4,20000,15603,3.627,4,20000,18104,4.008,4,5000,2413,1.037,,,,,
20000,15630,3.632,4,20000,19343,4.190,4,20000,15644,3.634,4,20000,18359,4.046,4,5000,2413,1.037,,,,,
20000,15630,3.632,4,20000,19366,4.193,4,20000,16473,3.762,4,20000,18419,4.055,4,5000,2413,1.037,,,,,
20000,17118,3.860,4,25000,21129,4.446,4,20000,17385,3.900,4,20000,18562,4.076,4,5000,2413,1.037,,,,,
20000,17119,3.860,4,25000,22172,4.592,4,25000,20869,4.409,4,20000,19110,4.156,4,5000,2413,1.037,,,,,
30000,28876,5.482,,30000,26111,5.124,,30000,28798,5.472,,20000,19995,4.284,4,5000,2413,1.037,,,,,
30000,29030,5.502,,30000,28451,5.428,,35000,30624,5.703,,25000,20021,4.288,4,5000,2413,1.037,,,,,
30000,29041,5.503,,35000,31754,5.843,,35000,30636,5.704,,25000,20363,4.337,4,5000,2413,1.037,,,,,
30000,29087,5.509,,35000,34704,6.202,7,35000,31508,5.813,,25000,20537,4.362,4,5000,2413,1.037,,,,,
30000,29202,5.524,,35000,34815,6.215,7,35000,32172,5.895,,25000,20576,4.367,4,5000,2413,1.037,,,,,
30000,29214,5.525,,40000,35466,6.293,7,35000,32308,5.911,,25000,20587,4.369,4,5000,2413,1.037,,,,,
30000,29249,5.530,,40000,36466,6.411,7,35000,32355,5.917,,25000,20803,4.400,4,5000,2413,1.037,,,,,
30000,29254,5.530,,40000,36524,6.418,7,35000,32684,5.957,,25000,21369,4.479,4,5000,2413,1.037,,,,,
30000,29324,5.539,,40000,36596,6.427,7,35000,33106,6.009,7,25000,21447,4.490,4,5000,2413,1.037,,,,,
30000,29330,5.540,,40000,36674,6.436,7,35000,33350,6.038,7,25000,21982,4.565,4,5000,2413,1.037,,,,,
30000,29338,5.541,,40000,36798,6.451,7,35000,33507,6.058,7,25000,22042,4.574,4,10000,7238,2.167,3,,,,
30000,29339,5.541,,40000,37359,6.516,7,35000,33593,6.068,7,25000,22065,4.577,4,10000,7238,2.167,3,,,,
30000,29347,5.542,,40000,37370,6.518,7,35000,34419,6.168,7,25000,22310,4.611,4,10000,7238,2.167,3,,,,
30000,29347,5.542,,40000,37555,6.539,7,35000,34692,6.200,7,25000,22355,4.617,4,10000,7238,2.167,3,,,,
30000,29348,5.542,,40000,38208,6.615,7,40000,35450,6.291,7,25000,22813,4.680,4,10000,7238,2.167,3,,,,
30000,29371,5.545,,40000,39503,6.765,7,40000,35538,6.301,7,25000,22996,4.706,4,10000,7238,2.167,3,,,,
30000,29440,5.554,,40000,39600,6.776,7,40000,35580,6.306,7,25000,23785,4.813,4,10000,7238,2.167,3,,,,
30000,29451,5.555,,40000,39704,6.788,7,40000,36615,6.429,7,25000,23878,4.826,4,10000,7238,2.167,3,,,,
30000,29461,5.556,,40000,39807,6.800,7,40000,36717,6.441,7,25000,24223,4.873,4,10000,7238,2.167,3,,,,
30000,29463,5.557,,40000,39898,6.810,7,40000,36748,6.445,7,25000,24481,4.907,4,10000,7238,2.167,3,,,,
30000,29505,5.562,,40000,39937,6.815,7,40000,36949,6.468,7,30000,26388,5.161,,10000,7238,2.167,3,,,,
30000,29506,5.562,,45000,42519,7.107,7,40000,37074,6.483,7,30000,27225,5.270,,10000,7238,2.167,3,,,,
30000,29506,5.562,,45000,43769,7.247,7,40000,37253,6.504,7,30000,28195,5.395,,10000,7238,2.167,3,,,,
30000,29516,5.563,,45000,43785,7.249,7,40000,37611,6.546,7,30000,28563,5.442,,10000,7238,2.167,3,,,,
30000,29516,5.563,,45000,44373,7.314,7,40000,37618,6.547,7,30000,28616,5.449,,10000,7238,2.167,3,,,,
30000,29517,5.564,,50000,45251,7.411,7,40000,37639,6.549,7,30000,28915,5.487,,10000,7238,2.167,3,,,,
30000,29549,5.568,,50000,46012,7.494,7,40000,37667,6.552,7,30000,29213,5.525,,10000,7238,2.167,3,,,,
30000,29574,5.571,,50000,46643,7.563,7,40000,38206,6.615,7,30000,29496,5.561,,10000,7238,2.167,3,,,,
30000,29594,5.573,,50000,47399,7.645,7,40000,38297,6.626,7,35000,30206,5.650,,10000,7238,2.167,3,,,,
30000,29612,5.576,,50000,47872,7.696,7,40000,38347,6.631,7,35000,30230,5.653,,10000,7238,2.167,3,,,,
30000,29726,5.590,,50000,48024,7.712,7,40000,38384,6.636,7,35000,30563,5.695,,10000,7238,2.167,3,,,,
30000,29729,5.590,,50000,48177,7.729,7,40000,38439,6.642,7,35000,30885,5.735,,10000,7238,2.167,3,,,,
30000,29752,5.593,,50000,48247,7.736,7,40000,38472,6.646,7,35000,31345,5.792,,10000,7238,2.167,3,,,,
35000,34742,6.206,7,50000,48836,7.799,7,40000,39043,6.712,7,35000,31354,5.794,,10000,7238,2.167,3,,,,
40000,35209,6.262,7,50000,49136,7.832,7,40000,39166,6.726,7,35000,31538,5.816,,10000,7238,2.167,3,,,,
40000,35284,6.271,7,70000,67480,9.689,9,40000,39325,6.744,7,35000,32845,5.977,,10000,7238,2.167,3,,,,
40000,37068,6.482,7,70000,69777,9.909,9,40000,39538,6.769,7,35000,33375,6.042,7,10000,7238,2.167,3,,,,
40000,37219,6.500,7,90000,86155,11.415,12,40000,39620,6.778,7,35000,33380,6.042,7,10000,7238,2.167,3,,,,
40000,37372,6.518,7,125000,121750,14.396,,40000,39671,6.784,7,35000,33575,6.066,7,10000,7238,2.167,3,,,,
40000,37612,6.546,7,135000,130706,15.098,16,40000,39732,6.791,7,35000,33632,6.073,7,10000,7238,2.167,3,,,,
40000,37809,6.569,7,135000,131384,15.151,16,40000,39786,6.797,7,35000,34492,6.176,7,10000,7238,2.167,3,,,,
40000,38194,6.614,7,135000,131522,15.161,16,40000,39853,6.805,7,35000,34852,6.220,7,10000,7238,2.167,3,,,,
40000,39522,6.767,7,140000,138715,15.713,16,45000,40003,6.822,7,40000,35058,6.244,7,10000,7238,2.167,3,,,,
40000,39943,6.815,7,150000,148317,16.434,16,45000,40014,6.824,7,40000,35394,6.284,7,10000,7238,2.167,3,,,,
45000,40353,6.862,7,165000,164018,17.582,,45000,40149,6.839,7,40000,35556,6.304,7,10000,7238,2.167,3,,,,
45000,40474,6.876,7,170000,167560,17.836,,45000,40190,6.844,7,40000,35682,6.319,7,10000,7238,2.167,3,,,,
45000,40785,6.911,7,170000,168903,17.932,,45000,40248,6.850,7,40000,35756,6.327,7,10000,7238,2.167,3,,,,
45000,41077,6.945,7,175000,172963,18.220,19,45000,40679,6.899,7,40000,35832,6.336,7,10000,7238,2.167,3,,,,
45000,41441,6.986,7,175000,173591,18.264,19,45000,40739,6.906,7,40000,35852,6.339,7,10000,7238,2.167,3,,,,
45000,41456,6.988,7,180000,178249,18.592,19,45000,40751,6.908,7,40000,36048,6.362,7,10000,7238,2.167,3,,,,
45000,41491,6.992,7,185000,180500,18.749,19,45000,40834,6.917,7,40000,36048,6.362,7,10000,7238,2.167,3,,,,
45000,41491,6.992,7,200000,196280,19.833,19,45000,40867,6.921,7,40000,36056,6.363,7,10000,7238,2.167,3,,,,
45000,41527,6.996,7,215000,211215,20.834,21,45000,40900,6.925,7,40000,36078,6.366,7,10000,7238,2.167,3,,,,
45000,41650,7.009,7,235000,233234,22.267,,45000,41072,6.944,7,40000,36132,6.372,7,10000,7238,2.167,3,,,,
45000,41831,7.030,7,245000,244834,23.004,,45000,41092,6.946,7,40000,36223,6.383,7,10000,7238,2.167,3,,,,
45000,41893,7.037,7,255000,252401,23.479,,45000,41318,6.972,7,40000,36231,6.384,7,10000,7238,2.167,3,,,,
45000,41893,7.037,7,285000,280334,25.192,25,45000,41391,6.980,7,40000,36404,6.404,7,10000,7238,2.167,3,,,,
45000,41896,7.037,7,,,,,45000,41401,6.981,7,40000,36422,6.406,7,10000,7238,2.167,3,,,,
45000,41901,7.038,7,,,,,45000,41491,6.992,7,40000,36835,6.455,7,10000,7238,2.167,3,,,,
45000,41901,7.038,7,,,,,45000,41690,7.014,7,40000,36841,6.456,7,10000,7238,2.167,3,,,,
45000,41901,7.038,7,,,,,45000,41708,7.016,7,40000,36892,6.462,7,10000,7238,2.167,3,,,,
45000,41901,7.038,7,,,,,45000,41724,7.018,7,40000,36894,6.462,7,10000,7238,2.167,3,,,,
45000,41901,7.038,7,,,,,45000,41796,7.026,7,40000,37177,6.495,7,10000,7238,2.167,3,,,,
45000,41901,7.038,7,,,,,45000,41796,7.026,7,40000,37382,6.519,7,10000,7238,2.167,3,,,,
45000,41901,7.038,7,,,,,45000,41831,7.030,7,40000,37382,6.519,7,10000,7238,2.167,3,,,,
45000,41901,7.038,7,,,,,45000,41834,7.030,7,40000,37382,6.519,7,10000,7238,2.167,3,,,,
45000,41901,7.038,7,,,,,45000,41902,7.038,7,40000,37382,6.519,7,10000,7238,2.167,3,,,,
45000,41903,7.038,7,,,,,45000,42259,7.078,7,40000,37382,6.519,7,10000,7238,2.167,3,,,,
45000,42240,7.076,7,,,,,45000,42415,7.096,7,40000,37382,6.519,7,10000,7238,2.167,3,,,,
45000,42289,7.081,7,,,,,45000,42431,7.097,7,40000,37400,6.521,7,10000,7238,2.167,3,,,,
45000,42392,7.093,7,,,,,45000,42493,7.104,7,40000,37400,6.521,7,10000,7238,2.167,3,,,,
45000,42395,7.093,7,,,,,45000,42575,7.114,7,40000,37542,6.538,7,10000,7238,2.167,3,,,,
45000,42429,7.097,7,,,,,45000,42638,7.121,7,40000,37693,6.555,7,10000,7238,2.167,3,,,,
45000,42475,7.102,7,,,,,45000,42663,7.123,7,40000,37760,6.563,7,10000,7238,2.167,3,,,,
45000,42551,7.111,7,,,,,45000,42722,7.130,7,40000,37830,6.571,7,10000,7238,2.167,3,,,,
45000,42594,7.116,7,,,,,45000,42732,7.131,7,40000,38043,6.596,7,10000,7238,2.167,3,,,,
45000,42596,7.116,7,,,,,45000,42802,7.139,7,40000,38083,6.601,7,10000,7238,2.167,3,,,,
45000,42601,7.116,7,,,,,45000,42935,7.154,7,40000,38111,6.604,7,10000,7238,2.167,3,,,,
45000,42830,7.142,7,,,,,45000,42942,7.155,7,40000,38182,6.612,7,10000,7238,2.167,3,,,,
45000,43036,7.165,7,,,,,45000,43033,7.165,7,40000,38235,6.618,7,10000,7238,2.167,3,,,,
45000,43074,7.169,7,,,,,45000,43075,7.169,7,40000,38258,6.621,7,10000,7238,2.167,3,,,,
45000,43161,7.179,7,,,,,45000,43081,7.170,7,40000,38296,6.626,7,10000,7238,2.167,3,,,,
45000,43336,7.199,7,,,,,45000,43095,7.172,7,40000,38367,6.634,7,10000,7238,2.167,3,,,,
45000,43336,7.199,7,,,,,45000,43114,7.174,7,40000,38583,6.659,7,10000,7238,2.167,3,,,,
45000,43374,7.203,7,,,,,45000,43155,7.178,7,40000,38969,6.703,7,10000,7238,2.167,3,,,,
45000,43478,7.214,7,,,,,45000,43198,7.183,7,40000,38992,6.706,7,10000,7238,2.167,3,,,,
45000,43511,7.218,7,,,,,45000,43231,7.187,7,40000,39038,6.711,7,10000,7238,2.167,3,,,,
45000,43516,7.219,7,,,,,45000,43411,7.207,7,40000,39232,6.734,7,10000,7238,2.167,3,,,,
45000,43661,7.235,7,,,,,45000,43440,7.210,7,40000,39324,6.744,7,10000,7238,2.167,3,,,,
45000,43679,7.237,7,,,,,45000,43576,7.225,7,40000,39404,6.754,7,10000,7238,2.167,3,,,,
45000,43680,7.237,7,,,,,45000,43604,7.228,7,40000,39503,6.765,7,10000,7238,2.167,3,,,,
45000,43698,7.239,7,,,,,45000,43681,7.237,7,40000,39514,6.766,7,10000,7238,2.167,3,,,,
45000,43704,7.240,7,,,,,45000,43785,7.249,7,40000,39715,6.789,7,10000,7238,2.167,3,,,,
45000,43940,7.266,7,,,,,45000,43883,7.259,7,40000,39872,6.807,7,10000,7238,2.167,3,,,,
45000,43977,7.270,7,,,,,45000,44082,7.282,7,45000,40108,6.834,7,10000,7238,2.167,3,,,,
45000,44163,7.290,7,,,,,45000,44283,7.304,7,45000,40122,6.836,7,10000,7238,2.167,3,,,,
45000,44183,7.293,7,,,,,45000,44777,7.358,7,45000,40134,6.837,7,10000,7238,2.167,3,,,,
45000,44258,7.301,7,,,,,45000,44970,7.380,7,45000,40467,6.875,7,10000,7238,2.167,3,,,,
45000,44259,7.301,7,,,,,50000,45176,7.402,7,45000,40484,6.877,7,10000,7238,2.167,3,,,,
45000,44306,7.306,7,,,,,50000,45286,7.414,7,45000,40519,6.881,7,10000,7238,2.167,3,,,,
45000,44370,7.313,7,,,,,50000,45636,7.453,7,45000,40576,6.888,7,10000,7238,2.167,3,,,,
45000,44389,7.315,7,,,,,50000,45861,7.477,7,45000,40596,6.890,7,10000,7238,2.167,3,,,,
45000,44492,7.327,7,,,,,50000,46339,7.530,7,45000,40851,6.919,7,15000,12503,3.126,3,,,,
45000,44576,7.336,7,,,,,50000,46375,7.534,7,45000,41018,6.938,7,15000,12503,3.126,3,,,,
45000,44716,7.352,7,,,,,50000,46900,7.591,7,45000,41265,6.966,7,15000,12503,3.126,3,,,,
45000,44872,7.369,7,,,,,50000,48502,7.764,7,45000,41408,6.982,7,15000,12503,3.126,3,,,,
50000,45161,7.401,7,,,,,50000,49220,7.841,7,45000,41745,7.020,7,15000,12503,3.126,3,,,,
50000,45177,7.402,7,,,,,55000,50550,7.982,7,45000,41778,7.024,7,15000,12503,3.126,3,,,,
50000,45540,7.442,7,,,,,55000,50913,8.020,9,45000,41805,7.027,7,15000,12503,3.126,3,,,,
50000,45580,7.447,7,,,,,55000,51601,8.093,9,45000,41832,7.030,7,15000,12503,3.126,3,,,,
50000,45858,7.477,7,,,,,55000,52297,8.166,9,45000,41849,7.032,7,15000,12503,3.126,3,,,,
50000,45858,7.477,7,,,,,55000,53373,8.278,9,45000,42073,7.057,7,15000,12503,3.126,3,,,,
50000,45936,7.486,7,,,,,55000,54865,8.433,9,45000,42093,7.059,7,15000,12503,3.126,3,,,,
50000,46094,7.503,7,,,,,60000,56276,8.578,9,45000,42175,7.069,7,15000,12503,3.126,3,,,,
50000,46347,7.530,7,,,,,60000,56425,8.593,9,45000,42301,7.083,7,15000,12503,3.126,3,,,,
50000,46353,7.531,7,,,,,60000,57050,8.657,9,45000,42414,7.095,7,15000,12503,3.126,3,,,,
50000,46365,7.532,7,,,,,60000,57416,8.694,9,45000,42658,7.123,7,15000,12503,3.126,3,,,,
50000,46389,7.535,7,,,,,60000,57930,8.746,9,45000,42766,7.135,7,15000,12503,3.126,3,,,,
50000,46429,7.539,7,,,,,60000,58638,8.818,9,45000,42827,7.142,7,15000,12503,3.126,3,,,,
50000,46484,7.545,7,,,,,60000,59471,8.902,9,45000,42946,7.155,7,15000,12503,3.126,3,,,,
50000,46493,7.546,7,,,,,60000,59866,8.941,9,45000,42988,7.160,7,15000,12503,3.126,3,,,,
50000,46527,7.550,7,,,,,65000,60942,9.049,9,45000,43006,7.162,7,15000,12503,3.126,3,,,,
50000,46535,7.551,7,,,,,65000,61395,9.094,9,45000,43063,7.168,7,15000,12503,3.126,3,,,,
50000,46537,7.551,7,,,,,65000,61670,9.121,9,45000,43092,7.171,7,15000,12503,3.126,3,,,,
50000,46538,7.551,7,,,,,65000,61765,9.131,9,45000,43171,7.180,7,15000,12503,3.126,3,,,,
50000,46540,7.551,7,,,,,65000,62706,9.224,9,45000,43277,7.192,7,15000,12503,3.126,3,,,,
50000,46569,7.555,7,,,,,65000,63649,9.317,9,45000,43381,7.204,7,15000,12503,3.126,3,,,,
50000,46570,7.555,7,,,,,70000,65195,9.468,9,45000,43387,7.204,7,15000,12503,3.126,3,,,,
50000,46596,7.558,7,,,,,80000,75931,10.487,,45000,43390,7.205,7,15000,12503,3.126,3,,,,
50000,46596,7.558,7,,,,,115000,110865,13.519,13,45000,43450,7.211,7,15000,12503,3.126,3,,,,
50000,46596,7.558,7,,,,,135000,134416,15.384,16,45000,43554,7.223,7,20000,17548,3.925,4,,,,
50000,46596,7.558,7,,,,,190000,185683,19.108,19,45000,43592,7.227,7,20000,17548,3.925,4,,,,
50000,46596,7.558,7,,,,,,,,,45000,43602,7.228,7,20000,17548,3.925,4,,,,
50000,46596,7.558,7,,,,,,,,,45000,43637,7.232,7,20000,17548,3.925,4,,,,
50000,46600,7.558,7,,,,,,,,,45000,43715,7.241,7,20000,17548,3.925,4,,,,
50000,46606,7.559,7,,,,,,,,,45000,43743,7.244,7,20000,17548,3.925,4,,,,
50000,46619,7.560,7,,,,,,,,,45000,43936,7.265,7,20000,17548,3.925,4,,,,
50000,46619,7.560,7,,,,,,,,,45000,44017,7.274,7,20000,17548,3.925,4,,,,
50000,46627,7.561,7,,,,,,,,,45000,44044,7.277,7,20000,17548,3.925,4,,,,
50000,46673,7.566,7,,,,,,,,,45000,44175,7.292,7,20000,17548,3.925,4,,,,
50000,46723,7.571,7,,,,,,,,,45000,44181,7.292,7,20000,17548,3.925,4,,,,
50000,46739,7.573,7,,,,,,,,,45000,44412,7.318,7,20000,17548,3.925,4,,,,
50000,46807,7.581,7,,,,,,,,,45000,44459,7.323,7,20000,17548,3.925,4,,,,
50000,46854,7.586,7,,,,,,,,,45000,44571,7.336,7,20000,17548,3.925,4,,,,
50000,46870,7.587,7,,,,,,,,,45000,44660,7.345,7,20000,17548,3.925,4,,,,
50000,46896,7.590,7,,,,,,,,,45000,44810,7.362,7,20000,17548,3.925,4,,,,
50000,46985,7.600,7,,,,,,,,,45000,44854,7.367,7,20000,17548,3.925,4,,,,
50000,47057,7.608,7,,,,,,,,,45000,44932,7.375,7,20000,17548,3.925,4,,,,
50000,47109,7.613,7,,,,,,,,,45000,44966,7.379,7,20000,17548,3.925,4,,,,
50000,47162,7.619,7,,,,,,,,,50000,45334,7.420,7,20000,17548,3.925,4,,,,
50000,47229,7.626,7,,,,,,,,,50000,45532,7.441,7,20000,17548,3.925,4,,,,
50000,47287,7.633,7,,,,,,,,,50000,45639,7.453,7,20000,17548,3.925,4,,,,
50000,47409,7.646,7,,,,,,,,,50000,45788,7.469,7,20000,17548,3.925,4,,,,
50000,47612,7.668,7,,,,,,,,,50000,45806,7.471,7,20000,17548,3.925,4,,,,
50000,47618,7.668,7,,,,,,,,,50000,45867,7.478,7,20000,17548,3.925,4,,,,
50000,47780,7.686,7,,,,,,,,,50000,45892,7.481,7,20000,17548,3.925,4,,,,
50000,48024,7.712,7,,,,,,,,,50000,46146,7.509,7,20000,17548,3.925,4,,,,
50000,48072,7.717,7,,,,,,,,,50000,46316,7.527,7,20000,17548,3.925,4,,,,
50000,48228,7.734,7,,,,,,,,,50000,46373,7.533,7,20000,17548,3.925,4,,,,
50000,48229,7.734,7,,,,,,,,,50000,46524,7.550,7,20000,17548,3.925,4,,,,
50000,48397,7.752,7,,,,,,,,,50000,46542,7.552,7,20000,17548,3.925,4,,,,
50000,48420,7.755,7,,,,,,,,,50000,46548,7.552,7,20000,17548,3.925,4,,,,
50000,48424,7.755,7,,,,,,,,,50000,46560,7.554,7,20000,17548,3.925,4,,,,
50000,48484,7.762,7,,,,,,,,,50000,46637,7.562,7,20000,17548,3.925,4,,,,
50000,48502,7.764,7,,,,,,,,,50000,46696,7.568,7,20000,17548,3.925,4,,,,
50000,48504,7.764,7,,,,,,,,,50000,46708,7.570,7,20000,17548,3.925,4,,,,
50000,48545,7.768,7,,,,,,,,,50000,46767,7.576,7,20000,17548,3.925,4,,,,
50000,48596,7.774,7,,,,,,,,,50000,46787,7.578,7,20000,17548,3.925,4,,,,
50000,48670,7.782,7,,,,,,,,,50000,46966,7.598,7,20000,17548,3.925,4,,,,
50000,48822,7.798,7,,,,,,,,,50000,47058,7.608,7,20000,17548,3.925,4,,,,
50000,48870,7.803,7,,,,,,,,,50000,47073,7.609,7,20000,17548,3.925,4,,,,
50000,48963,7.813,7,,,,,,,,,50000,47138,7.616,7,25000,22812,4.680,4,,,,
50000,48984,7.815,7,,,,,,,,,50000,47427,7.648,7,25000,22812,4.680,4,,,,
50000,49097,7.827,7,,,,,,,,,50000,47526,7.658,7,25000,22812,4.680,4,,,,
50000,49136,7.832,7,,,,,,,,,50000,47526,7.658,7,25000,22812,4.680,4,,,,
50000,49158,7.834,7,,,,,,,,,50000,47653,7.672,7,25000,22812,4.680,4,,,,
50000,49186,7.837,7,,,,,,,,,50000,47690,7.676,7,25000,22812,4.680,4,,,,
50000,49190,7.837,7,,,,,,,,,50000,47985,7.708,7,25000,22812,4.680,4,,,,
50000,49203,7.839,7,,,,,,,,,50000,48011,7.711,7,25000,22812,4.680,4,,,,
50000,49219,7.840,7,,,,,,,,,50000,48016,7.711,7,25000,22812,4.680,4,,,,
50000,49220,7.841,7,,,,,,,,,50000,48202,7.731,7,25000,22812,4.680,4,,,,
50000,49228,7.841,7,,,,,,,,,50000,48468,7.760,7,25000,22812,4.680,4,,,,
50000,49267,7.846,7,,,,,,,,,50000,48520,7.766,7,25000,22812,4.680,4,,,,
50000,49412,7.861,7,,,,,,,,,50000,48623,7.777,7,25000,22812,4.680,4,,,,
50000,49419,7.862,7,,,,,,,,,50000,48881,7.804,7,25000,22812,4.680,4,,,,
50000,49421,7.862,7,,,,,,,,,50000,49004,7.817,7,25000,22812,4.680,4,,,,
50000,49452,7.865,7,,,,,,,,,50000,49356,7.855,7,30000,27857,5.352,,,,,
50000,49483,7.869,7,,,,,,,,,50000,49395,7.859,7,30000,27857,5.352,,,,,
50000,49487,7.869,7,,,,,,,,,50000,49446,7.865,7,30000,27857,5.352,,,,,
50000,49531,7.874,7,,,,,,,,,50000,49493,7.870,7,30000,27857,5.352,,,,,
50000,49562,7.877,7,,,,,,,,,50000,49514,7.872,7,30000,27857,5.352,,,,,
50000,49577,7.879,7,,,,,,,,,50000,49649,7.886,7,30000,27857,5.352,,,,,
50000,49717,7.894,7,,,,,,,,,50000,49755,7.898,7,30000,27857,5.352,,,,,
50000,49750,7.897,7,,,,,,,,,55000,50025,7.926,7,30000,27857,5.352,,,,,
50000,49768,7.899,7,,,,,,,,,55000,50102,7.935,7,30000,27857,5.352,,,,,
50000,49879,7.911,7,,,,,,,,,55000,50193,7.944,7,30000,27857,5.352,,,,,
50000,49894,7.912,7,,,,,,,,,55000,50203,7.945,7,30000,27857,5.352,,,,,
50000,49894,7.912,7,,,,,,,,,55000,50269,7.952,7,30000,27857,5.352,,,,,
50000,49937,7.917,7,,,,,,,,,55000,50378,7.964,7,30000,27857,5.352,,,,,
50000,49949,7.918,7,,,,,,,,,55000,50474,7.974,7,30000,27857,5.352,,,,,
50000,49976,7.921,7,,,,,,,,,55000,50519,7.979,7,30000,27857,5.352,,,,,
55000,50013,7.925,7,,,,,,,,,55000,50656,7.993,7,30000,27857,5.352,,,,,
55000,50042,7.928,7,,,,,,,,,55000,50759,8.004,9,30000,27857,5.352,,,,,
55000,50062,7.930,7,,,,,,,,,55000,50824,8.011,9,30000,27857,5.352,,,,,
55000,50066,7.931,7,,,,,,,,,55000,51138,8.044,9,30000,27857,5.352,,,,,
55000,50066,7.931,7,,,,,,,,,55000,51287,8.060,9,30000,27857,5.352,,,,,
55000,50075,7.932,7,,,,,,,,,55000,53319,8.273,9,30000,27857,5.352,,,,,
55000,50077,7.932,7,,,,,,,,,55000,53424,8.284,9,35000,32902,5.984,,,,,
55000,50078,7.932,7,,,,,,,,,55000,53593,8.301,9,35000,32902,5.984,,,,,
55000,50080,7.932,7,,,,,,,,,55000,53780,8.321,9,35000,32902,5.984,,,,,
55000,50081,7.932,7,,,,,,,,,55000,54072,8.351,9,35000,32902,5.984,,,,,
55000,50087,7.933,7,,,,,,,,,55000,54107,8.355,9,35000,32902,5.984,,,,,
55000,50101,7.934,7,,,,,,,,,55000,54147,8.359,9,35000,32902,5.984,,,,,
55000,50113,7.936,7,,,,,,,,,55000,54250,8.369,9,35000,32902,5.984,,,,,
55000,50165,7.941,7,,,,,,,,,55000,54367,8.382,9,35000,32902,5.984,,,,,
55000,50255,7.951,7,,,,,,,,,55000,54818,8.428,9,35000,32902,5.984,,,,,
55000,50293,7.955,7,,,,,,,,,60000,55121,8.459,9,35000,32902,5.984,,,,,
55000,50294,7.955,7,,,,,,,,,60000,55269,8.475,9,35000,32902,5.984,,,,,
55000,50332,7.959,7,,,,,,,,,60000,55396,8.488,9,35000,32902,5.984,,,,,
55000,50341,7.960,7,,,,,,,,,60000,55493,8.498,9,35000,32902,5.984,,,,,
55000,50348,7.961,7,,,,,,,,,60000,55880,8.537,9,35000,32902,5.984,,,,,
55000,50350,7.961,7,,,,,,,,,60000,55937,8.543,9,35000,32902,5.984,,,,,
55000,50364,7.962,7,,,,,,,,,60000,56532,8.604,9,35000,32902,5.984,,,,,
55000,50374,7.963,7,,,,,,,,,60000,57996,8.753,9,35000,32902,5.984,,,,,
55000,50403,7.966,7,,,,,,,,,60000,58650,8.819,9,35000,32902,5.984,,,,,
55000,50413,7.968,7,,,,,,,,,60000,59158,8.870,9,35000,32902,5.984,,,,,
55000,50414,7.968,7,,,,,,,,,60000,59542,8.909,9,35000,32902,5.984,,,,,
55000,50455,7.972,7,,,,,,,,,60000,59592,8.914,9,35000,32902,5.984,,,,,
55000,50486,7.975,7,,,,,,,,,60000,59997,8.954,9,35000,32902,5.984,,,,,
55000,50503,7.977,7,,,,,,,,,65000,60406,8.995,9,35000,32902,5.984,,,,,
55000,50513,7.978,7,,,,,,,,,65000,60435,8.998,9,35000,32902,5.984,,,,,
55000,50515,7.978,7,,,,,,,,,65000,60445,8.999,9,35000,32902,5.984,,,,,
55000,50530,7.980,7,,,,,,,,,65000,60881,9.043,9,35000,32902,5.984,,,,,
55000,50550,7.982,7,,,,,,,,,65000,61038,9.058,9,35000,32902,5.984,,,,,
55000,50610,7.988,7,,,,,,,,,65000,61055,9.060,9,35000,32902,5.984,,,,,
55000,50614,7.989,7,,,,,,,,,65000,61133,9.068,9,35000,32902,5.984,,,,,
55000,50628,7.990,7,,,,,,,,,65000,61374,9.092,9,35000,32902,5.984,,,,,
55000,50645,7.992,7,,,,,,,,,65000,62371,9.191,9,35000,32902,5.984,,,,,
55000,50657,7.993,7,,,,,,,,,65000,62525,9.206,9,35000,32902,5.984,,,,,
55000,50671,7.995,7,,,,,,,,,65000,62974,9.250,9,35000,32902,5.984,,,,,
55000,50679,7.996,7,,,,,,,,,65000,63329,9.285,9,35000,32902,5.984,,,,,
55000,50690,7.997,7,,,,,,,,,65000,63556,9.307,9,35000,32902,5.984,,,,,
55000,50693,7.997,7,,,,,,,,,65000,64187,9.369,9,35000,32902,5.984,,,,,
55000,50701,7.998,7,,,,,,,,,70000,65238,9.472,9,35000,32902,5.984,,,,,
55000,50721,8.000,9,,,,,,,,,70000,65750,9.522,9,35000,32902,5.984,,,,,
55000,50727,8.001,9,,,,,,,,,70000,67114,9.654,9,35000,32902,5.984,,,,,
55000,50755,8.004,9,,,,,,,,,70000,67197,9.662,9,35000,32902,5.984,,,,,
55000,50755,8.004,9,,,,,,,,,70000,67212,9.663,9,35000,32902,5.984,,,,,
55000,50768,8.005,9,,,,,,,,,70000,67792,9.719,9,35000,32902,5.984,,,,,
55000,50770,8.005,9,,,,,,,,,70000,68059,9.745,9,35000,32902,5.984,,,,,
55000,50773,8.006,9,,,,,,,,,70000,68823,9.818,9,35000,32902,5.984,,,,,
55000,50781,8.007,9,,,,,,,,,70000,69326,9.866,9,35000,32902,5.984,,,,,
55000,50797,8.008,9,,,,,,,,,75000,71055,10.031,,35000,32902,5.984,,,,,
55000,50812,8.010,9,,,,,,,,,75000,73005,10.214,,35000,32902,5.984,,,,,
55000,50828,8.011,9,,,,,,,,,75000,73139,10.227,,35000,32902,5.984,,,,,
55000,50836,8.012,9,,,,,,,,,75000,74182,10.325,,35000,32902,5.984,,,,,
55000,50839,8.013,9,,,,,,,,,80000,77014,10.588,,35000,32902,5.984,,,,,
55000,50841,8.013,9,,,,,,,,,80000,79876,10.850,,35000,32902,5.984,,,,,
55000,50841,8.013,9,,,,,,,,,95000,91874,11.918,12,35000,32902,5.984,,,,,
55000,50844,8.013,9,,,,,,,,,95000,92800,11.998,12,35000,32902,5.984,,,,,
55000,50854,8.014,9,,,,,,,,,140000,138654,15.708,16,35000,32902,5.984,,,,,
55000,50855,8.014,9,,,,,,,,,165000,163440,17.541,,35000,32902,5.984,,,,,
55000,50864,8.015,9,,,,,,,,,,,,,35000,32902,5.984,,,,,
55000,50864,8.015,9,,,,,,,,,,,,,35000,32902,5.984,,,,,
55000,50866,8.016,9,,,,,,,,,,,,,35000,32902,5.984,,,,,
55000,50877,8.017,9,,,,,,,,,,,,,35000,32902,5.984,,,,,
55000,50877,8.017,9,,,,,,,,,,,,,35000,32902,5.984,,,,,
55000,50877,8.017,9,,,,,,,,,,,,,35000,32902,5.984,,,,,
55000,50877,8.017,9,,,,,,,,,,,,,35000,32902,5.984,,,,,
55000,50878,8.017,9,,,,,,,,,,,,,35000,32902,5.984,,,,,
55000,50882,8.017,9,,,,,,,,,,,,,35000,32902,5.984,,,,,
55000,50883,8.017,9,,,,,,,,,,,,,35000,32902,5.984,,,,,
55000,50883,8.017,9,,,,,,,,,,,,,35000,32902,5.984,,,,,
55000,50884,8.017,9,,,,,,,,,,,,,35000,32902,5.984,,,,,
55000,50884,8.017,9,,,,,,,,,,,,,35000,32902,5.984,,,,,
55000,50886,8.018,9,,,,,,,,,,,,,35000,32902,5.984,,,,,
55000,50886,8.018,9,,,,,,,,,,,,,35000,32902,5.984,,,,,
55000,50891,8.018,9,,,,,,,,,,,,,35000,32902,5.984,,,,,
55000,50892,8.018,9,,,,,,,,,,,,,35000,32902,5.984,,,,,
55000,50907,8.020,9,,,,,,,,,,,,,35000,32902,5.984,,,,,
55000,50909,8.020,9,,,,,,,,,,,,,35000,32902,5.984,,,,,
55000,50913,8.020,9,,,,,,,,,,,,,35000,32902,5.984,,,,,
55000,50930,8.022,9,,,,,,,,,,,,,35000,32902,5.984,,,,,
55000,50963,8.026,9,,,,,,,,,,,,,35000,32902,5.984,,,,,
55000,50965,8.026,9,,,,,,,,,,,,,35000,32902,5.984,,,,,
55000,50968,8.026,9,,,,,,,,,,,,,35000,32902,5.984,,,,,
55000,50976,8.027,9,,,,,,,,,,,,,35000,32902,5.984,,,,,
55000,50988,8.028,9,,,,,,,,,,,,,40000,37947,6.585,7,,,,
55000,50989,8.029,9,,,,,,,,,,,,,40000,37947,6.585,7,,,,
55000,50999,8.030,9,,,,,,,,,,,,,40000,37947,6.585,7,,,,
55000,51017,8.031,9,,,,,,,,,,,,,40000,37947,6.585,7,,,,
55000,51025,8.032,9,,,,,,,,,,,,,40000,37947,6.585,7,,,,
55000,51027,8.033,9,,,,,,,,,,,,,40000,37947,6.585,7,,,,
55000,51040,8.034,9,,,,,,,,,,,,,40000,37947,6.585,7,,,,
55000,51050,8.035,9,,,,,,,,,,,,,40000,37947,6.585,7,,,,
55000,51067,8.037,9,,,,,,,,,,,,,40000,37947,6.585,7,,,,
55000,51071,8.037,9,,,,,,,,,,,,,40000,37947,6.585,7,,,,
55000,51077,8.038,9,,,,,,,,,,,,,40000,37947,6.585,7,,,,
55000,51083,8.038,9,,,,,,,,,,,,,40000,37947,6.585,7,,,,
55000,51083,8.038,9,,,,,,,,,,,,,40000,37947,6.585,7,,,,
55000,51094,8.040,9,,,,,,,,,,,,,40000,37947,6.585,7,,,,
55000,51094,8.040,9,,,,,,,,,,,,,40000,37947,6.585,7,,,,
55000,51131,8.043,9,,,,,,,,,,,,,40000,37947,6.585,7,,,,
55000,51138,8.044,9,,,,,,,,,,,,,40000,37947,6.585,7,,,,
55000,51160,8.047,9,,,,,,,,,,,,,40000,37947,6.585,7,,,,
55000,51161,8.047,9,,,,,,,,,,,,,40000,37947,6.585,7,,,,
55000,51162,8.047,9,,,,,,,,,,,,,40000,37947,6.585,7,,,,
55000,51178,8.048,9,,,,,,,,,,,,,40000,37947,6.585,7,,,,
55000,51215,8.052,9,,,,,,,,,,,,,40000,37947,6.585,7,,,,
55000,51215,8.052,9,,,,,,,,,,,,,40000,37947,6.585,7,,,,
55000,51235,8.054,9,,,,,,,,,,,,,40000,37947,6.585,7,,,,
55000,51236,8.055,9,,,,,,,,,,,,,40000,37947,6.585,7,,,,
55000,51241,8.055,9,,,,,,,,,,,,,40000,37947,6.585,7,,,,
55000,51250,8.056,9,,,,,,,,,,,,,40000,37947,6.585,7,,,,
55000,51252,8.056,9,,,,,,,,,,,,,40000,37947,6.585,7,,,,
55000,51257,8.057,9,,,,,,,,,,,,,40000,37947,6.585,7,,,,
55000,51274,8.059,9,,,,,,,,,,,,,40000,37947,6.585,7,,,,
55000,51277,8.059,9,,,,,,,,,,,,,40000,37947,6.585,7,,,,
55000,51282,8.059,9,,,,,,,,,,,,,40000,37947,6.585,7,,,,
55000,51290,8.060,9,,,,,,,,,,,,,40000,37947,6.585,7,,,,
55000,51294,8.061,9,,,,,,,,,,,,,40000,37947,6.585,7,,,,
55000,51308,8.062,9,,,,,,,,,,,,,40000,37947,6.585,7,,,,
55000,51308,8.062,9,,,,,,,,,,,,,40000,37947,6.585,7,,,,
55000,51319,8.063,9,,,,,,,,,,,,,40000,37947,6.585,7,,,,
55000,51319,8.063,9,,,,,,,,,,,,,40000,37947,6.585,7,,,,
55000,51339,8.065,9,,,,,,,,,,,,,40000,37947,6.585,7,,,,
55000,51355,8.067,9,,,,,,,,,,,,,40000,37947,6.585,7,,,,
55000,51365,8.068,9,,,,,,,,,,,,,40000,37947,6.585,7,,,,
55000,51365,8.068,9,,,,,,,,,,,,,40000,37947,6.585,7,,,,
55000,51366,8.068,9,,,,,,,,,,,,,40000,37947,6.585,7,,,,
55000,51366,8.068,9,,,,,,,,,,,,,40000,37947,6.585,7,,,,
55000,51366,8.068,9,,,,,,,,,,,,,40000,37947,6.585,7,,,,
55000,51366,8.068,9,,,,,,,,,,,,,40000,37947,6.585,7,,,,
55000,51367,8.068,9,,,,,,,,,,,,,40000,37947,6.585,7,,,,
55000,51367,8.068,9,,,,,,,,,,,,,40000,37947,6.585,7,,,,
55000,51368,8.068,9,,,,,,,,,,,,,40000,37947,6.585,7,,,,
55000,51369,8.069,9,,,,,,,,,,,,,40000,37947,6.585,7,,,,
55000,51369,8.069,9,,,,,,,,,,,,,40000,37947,6.585,7,,,,
55000,51369,8.069,9,,,,,,,,,,,,,40000,37947,6.585,7,,,,
55000,51369,8.069,9,,,,,,,,,,,,,40000,37947,6.585,7,,,,
55000,51370,8.069,9,,,,,,,,,,,,,40000,37947,6.585,7,,,,
55000,51370,8.069,9,,,,,,,,,,,,,40000,37947,6.585,7,,,,
55000,51370,8.069,9,,,,,,,,,,,,,40000,37947,6.585,7,,,,
55000,51370,8.069,9,,,,,,,,,,,,,40000,37947,6.585,7,,,,
55000,51370,8.069,9,,,,,,,,,,,,,40000,37947,6.585,7,,,,
55000,51370,8.069,9,,,,,,,,,,,,,40000,37947,6.585,7,,,,
55000,51371,8.069,9,,,,,,,,,,,,,40000,37947,6.585,7,,,,
55000,51372,8.069,9,,,,,,,,,,,,,40000,37947,6.585,7,,,,
55000,51372,8.069,9,,,,,,,,,,,,,40000,37947,6.585,7,,,,
55000,51372,8.069,9,,,,,,,,,,,,,40000,37947,6.585,7,,,,
55000,51372,8.069,9,,,,,,,,,,,,,40000,37947,6.585,7,,,,
55000,51372,8.069,9,,,,,,,,,,,,,40000,37947,6.585,7,,,,
55000,51373,8.069,9,,,,,,,,,,,,,40000,37947,6.585,7,,,,
55000,51373,8.069,9,,,,,,,,,,,,,40000,37947,6.585,7,,,,
55000,51373,8.069,9,,,,,,,,,,,,,40000,37947,6.585,7,,,,
55000,51374,8.069,9,,,,,,,,,,,,,40000,37947,6.585,7,,,,
55000,51374,8.069,9,,,,,,,,,,,,,40000,37947,6.585,7,,,,
55000,51374,8.069,9,,,,,,,,,,,,,40000,37947,6.585,7,,,,
55000,51374,8.069,9,,,,,,,,,,,,,40000,37947,6.585,7,,,,
55000,51374,8.069,9,,,,,,,,,,,,,40000,37947,6.585,7,,,,
55000,51374,8.069,9,,,,,,,,,,,,,40000,37947,6.585,7,,,,
55000,51374,8.069,9,,,,,,,,,,,,,40000,37947,6.585,7,,,,
55000,51376,8.069,9,,,,,,,,,,,,,40000,37947,6.585,7,,,,
55000,51376,8.069,9,,,,,,,,,,,,,40000,37947,6.585,7,,,,
55000,51376,8.069,9,,,,,,,,,,,,,40000,37947,6.585,7,,,,
55000,51377,8.069,9,,,,,,,,,,,,,40000,37947,6.585,7,,,,
55000,51378,8.070,9,,,,,,,,,,,,,40000,37947,6.585,7,,,,
55000,51381,8.070,9,,,,,,,,,,,,,40000,37947,6.585,7,,,,
55000,51381,8.070,9,,,,,,,,,,,,,40000,37947,6.585,7,,,,
55000,51383,8.070,9,,,,,,,,,,,,,40000,37947,6.585,7,,,,
55000,51384,8.070,9,,,,,,,,,,,,,40000,37947,6.585,7,,,,
55000,51386,8.070,9,,,,,,,,,,,,,40000,37947,6.585,7,,,,
55000,51393,8.071,9,,,,,,,,,,,,,40000,37947,6.585,7,,,,
55000,51397,8.072,9,,,,,,,,,,,,,40000,37947,6.585,7,,,,
55000,51407,8.073,9,,,,,,,,,,,,,40000,37947,6.585,7,,,,
55000,51409,8.073,9,,,,,,,,,,,,,40000,37947,6.585,7,,,,
55000,51411,8.073,9,,,,,,,,,,,,,40000,37947,6.585,7,,,,
55000,51418,8.074,9,,,,,,,,,,,,,40000,37947,6.585,7,,,,
55000,51421,8.074,9,,,,,,,,,,,,,40000,37947,6.585,7,,,,
55000,51426,8.075,9,,,,,,,,,,,,,40000,37947,6.585,7,,,,
55000,51433,8.075,9,,,,,,,,,,,,,40000,37947,6.585,7,,,,
55000,51436,8.076,9,,,,,,,,,,,,,40000,37947,6.585,7,,,,
55000,51440,8.076,9,,,,,,,,,,,,,40000,37947,6.585,7,,,,
55000,51468,8.079,9,,,,,,,,,,,,,40000,37947,6.585,7,,,,
55000,51470,8.079,9,,,,,,,,,,,,,40000,37947,6.585,7,,,,
55000,51478,8.080,9,,,,,,,,,,,,,40000,37947,6.585,7,,,,
55000,51492,8.082,9,,,,,,,,,,,,,40000,37947,6.585,7,,,,
55000,51500,8.082,9,,,,,,,,,,,,,40000,37947,6.585,7,,,,
55000,51505,8.083,9,,,,,,,,,,,,,40000,37947,6.585,7,,,,
55000,51521,8.085,9,,,,,,,,,,,,,40000,37947,6.585,7,,,,
55000,51543,8.087,9,,,,,,,,,,,,,40000,37947,6.585,7,,,,
55000,51547,8.087,9,,,,,,,,,,,,,40000,37947,6.585,7,,,,
55000,51552,8.088,9,,,,,,,,,,,,,40000,37947,6.585,7,,,,
55000,51578,8.091,9,,,,,,,,,,,,,40000,37947,6.585,7,,,,
55000,51578,8.091,9,,,,,,,,,,,,,40000,37947,6.585,7,,,,
55000,51591,8.092,9,,,,,,,,,,,,,40000,37947,6.585,7,,,,
55000,51594,8.092,9,,,,,,,,,,,,,40000,37947,6.585,7,,,,
55000,51621,8.095,9,,,,,,,,,,,,,40000,37947,6.585,7,,,,
55000,51637,8.097,9,,,,,,,,,,,,,40000,37947,6.585,7,,,,
55000,51637,8.097,9,,,,,,,,,,,,,40000,37947,6.585,7,,,,
55000,51653,8.098,9,,,,,,,,,,,,,40000,37947,6.585,7,,,,
55000,51690,8.102,9,,,,,,,,,,,,,40000,37947,6.585,7,,,,
55000,51702,8.104,9,,,,,,,,,,,,,40000,37947,6.585,7,,,,
55000,51702,8.104,9,,,,,,,,,,,,,40000,37947,6.585,7,,,,
55000,51703,8.104,9,,,,,,,,,,,,,40000,37947,6.585,7,,,,
55000,51737,8.107,9,,,,,,,,,,,,,40000,37947,6.585,7,,,,
55000,51743,8.108,9,,,,,,,,,,,,,40000,37947,6.585,7,,,,
55000,51745,8.108,9,,,,,,,,,,,,,40000,37947,6.585,7,,,,
55000,51781,8.112,9,,,,,,,,,,,,,40000,37947,6.585,7,,,,
55000,51797,8.114,9,,,,,,,,,,,,,40000,37947,6.585,7,,,,
55000,51809,8.115,9,,,,,,,,,,,,,40000,37947,6.585,7,,,,
55000,51809,8.115,9,,,,,,,,,,,,,40000,37947,6.585,7,,,,
55000,51813,8.115,9,,,,,,,,,,,,,40000,37947,6.585,7,,,,
55000,51821,8.116,9,,,,,,,,,,,,,40000,37947,6.585,7,,,,
55000,51854,8.120,9,,,,,,,,,,,,,40000,37947,6.585,7,,,,
55000,51889,8.123,9,,,,,,,,,,,,,40000,37947,6.585,7,,,,
55000,51904,8.125,9,,,,,,,,,,,,,40000,37947,6.585,7,,,,
55000,51910,8.126,9,,,,,,,,,,,,,40000,37947,6.585,7,,,,
55000,52018,8.137,9,,,,,,,,,,,,,40000,37947,6.585,7,,,,
55000,52034,8.139,9,,,,,,,,,,,,,40000,37947,6.585,7,,,,
55000,52044,8.140,9,,,,,,,,,,,,,40000,37947,6.585,7,,,,
55000,52047,8.140,9,,,,,,,,,,,,,40000,37947,6.585,7,,,,
55000,52055,8.141,9,,,,,,,,,,,,,40000,37947,6.585,7,,,,
55000,52057,8.141,9,,,,,,,,,,,,,40000,37947,6.585,7,,,,
55000,52088,8.144,9,,,,,,,,,,,,,40000,37947,6.585,7,,,,
55000,52091,8.145,9,,,,,,,,,,,,,40000,37947,6.585,7,,,,
55000,52102,8.146,9,,,,,,,,,,,,,40000,37947,6.585,7,,,,
55000,52122,8.148,9,,,,,,,,,,,,,40000,37947,6.585,7,,,,
55000,52129,8.148,9,,,,,,,,,,,,,40000,37947,6.585,7,,,,
55000,52136,8.149,9,,,,,,,,,,,,,40000,37947,6.585,7,,,,
55000,52138,8.149,9,,,,,,,,,,,,,40000,37947,6.585,7,,,,
55000,52141,8.150,9,,,,,,,,,,,,,40000,37947,6.585,7,,,,
55000,52155,8.151,9,,,,,,,,,,,,,40000,37947,6.585,7,,,,
55000,52157,8.151,9,,,,,,,,,,,,,40000,37947,6.585,7,,,,
55000,52160,8.152,9,,,,,,,,,,,,,40000,37947,6.585,7,,,,
55000,52169,8.153,9,,,,,,,,,,,,,40000,37947,6.585,7,,,,
55000,52213,8.157,9,,,,,,,,,,,,,40000,37947,6.585,7,,,,
55000,52233,8.159,9,,,,,,,,,,,,,40000,37947,6.585,7,,,,
55000,52250,8.161,9,,,,,,,,,,,,,40000,37947,6.585,7,,,,
55000,52273,8.164,9,,,,,,,,,,,,,40000,37947,6.585,7,,,,
55000,52274,8.164,9,,,,,,,,,,,,,45000,42992,7.160,7,,,,
55000,52288,8.165,9,,,,,,,,,,,,,45000,42992,7.160,7,,,,
55000,52297,8.166,9,,,,,,,,,,,,,45000,42992,7.160,7,,,,
55000,52298,8.166,9,,,,,,,,,,,,,45000,42992,7.160,7,,,,
55000,52320,8.169,9,,,,,,,,,,,,,45000,42992,7.160,7,,,,
55000,52344,8.171,9,,,,,,,,,,,,,45000,42992,7.160,7,,,,
55000,52357,8.172,9,,,,,,,,,,,,,45000,42992,7.160,7,,,,
55000,52364,8.173,9,,,,,,,,,,,,,45000,42992,7.160,7,,,,
55000,52379,8.175,9,,,,,,,,,,,,,45000,42992,7.160,7,,,,
55000,52379,8.175,9,,,,,,,,,,,,,45000,42992,7.160,7,,,,
55000,52390,8.176,9,,,,,,,,,,,,,45000,42992,7.160,7,,,,
55000,52392,8.176,9,,,,,,,,,,,,,45000,42992,7.160,7,,,,
55000,52428,8.180,9,,,,,,,,,,,,,45000,42992,7.160,7,,,,
55000,52462,8.183,9,,,,,,,,,,,,,45000,42992,7.160,7,,,,
55000,52481,8.185,9,,,,,,,,,,,,,45000,42992,7.160,7,,,,
55000,52494,8.187,9,,,,,,,,,,,,,45000,42992,7.160,7,,,,
55000,52497,8.187,9,,,,,,,,,,,,,45000,42992,7.160,7,,,,
55000,52501,8.187,9,,,,,,,,,,,,,45000,42992,7.160,7,,,,
55000,52502,8.188,9,,,,,,,,,,,,,45000,42992,7.160,7,,,,
55000,52519,8.189,9,,,,,,,,,,,,,45000,42992,7.160,7,,,,
55000,52521,8.190,9,,,,,,,,,,,,,45000,42992,7.160,7,,,,
55000,52530,8.190,9,,,,,,,,,,,,,45000,42992,7.160,7,,,,
55000,52561,8.194,9,,,,,,,,,,,,,45000,42992,7.160,7,,,,
55000,52601,8.198,9,,,,,,,,,,,,,45000,42992,7.160,7,,,,
55000,52617,8.200,9,,,,,,,,,,,,,45000,42992,7.160,7,,,,
55000,52618,8.200,9,,,,,,,,,,,,,45000,42992,7.160,7,,,,
55000,52643,8.202,9,,,,,,,,,,,,,45000,42992,7.160,7,,,,
55000,52647,8.203,9,,,,,,,,,,,,,45000,42992,7.160,7,,,,
55000,52669,8.205,9,,,,,,,,,,,,,45000,42992,7.160,7,,,,
55000,52684,8.207,9,,,,,,,,,,,,,45000,42992,7.160,7,,,,
55000,52686,8.207,9,,,,,,,,,,,,,45000,42992,7.160,7,,,,
55000,52689,8.207,9,,,,,,,,,,,,,45000,42992,7.160,7,,,,
55000,52695,8.208,9,,,,,,,,,,,,,45000,42992,7.160,7,,,,
55000,52732,8.212,9,,,,,,,,,,,,,45000,42992,7.160,7,,,,
55000,52743,8.213,9,,,,,,,,,,,,,45000,42992,7.160,7,,,,
55000,52785,8.217,9,,,,,,,,,,,,,45000,42992,7.160,7,,,,
55000,52797,8.218,9,,,,,,,,,,,,,45000,42992,7.160,7,,,,
55000,52807,8.219,9,,,,,,,,,,,,,45000,42992,7.160,7,,,,
55000,52823,8.221,9,,,,,,,,,,,,,45000,42992,7.160,7,,,,
55000,52873,8.226,9,,,,,,,,,,,,,45000,42992,7.160,7,,,,
55000,52874,8.226,9,,,,,,,,,,,,,45000,42992,7.160,7,,,,
55000,52879,8.227,9,,,,,,,,,,,,,45000,42992,7.160,7,,,,
55000,52892,8.228,9,,,,,,,,,,,,,45000,42992,7.160,7,,,,
55000,52920,8.231,9,,,,,,,,,,,,,45000,42992,7.160,7,,,,
55000,52924,8.232,9,,,,,,,,,,,,,45000,42992,7.160,7,,,,
55000,52927,8.232,9,,,,,,,,,,,,,45000,42992,7.160,7,,,,
55000,52946,8.234,9,,,,,,,,,,,,,45000,42992,7.160,7,,,,
55000,52955,8.235,9,,,,,,,,,,,,,45000,42992,7.160,7,,,,
55000,52963,8.236,9,,,,,,,,,,,,,45000,42992,7.160,7,,,,
55000,52967,8.236,9,,,,,,,,,,,,,45000,42992,7.160,7,,,,
55000,52967,8.236,9,,,,,,,,,,,,,45000,42992,7.160,7,,,,
55000,52974,8.237,9,,,,,,,,,,,,,45000,42992,7.160,7,,,,
55000,52991,8.239,9,,,,,,,,,,,,,45000,42992,7.160,7,,,,
55000,53003,8.240,9,,,,,,,,,,,,,45000,42992,7.160,7,,,,
55000,53008,8.240,9,,,,,,,,,,,,,45000,42992,7.160,7,,,,
55000,53035,8.243,9,,,,,,,,,,,,,45000,42992,7.160,7,,,,
55000,53042,8.244,9,,,,,,,,,,,,,45000,42992,7.160,7,,,,
55000,53043,8.244,9,,,,,,,,,,,,,45000,42992,7.160,7,,,,
55000,53058,8.246,9,,,,,,,,,,,,,45000,42992,7.160,7,,,,
55000,53058,8.246,9,,,,,,,,,,,,,45000,42992,7.160,7,,,,
55000,53085,8.248,9,,,,,,,,,,,,,45000,42992,7.160,7,,,,
55000,53124,8.253,9,,,,,,,,,,,,,45000,42992,7.160,7,,,,
55000,53134,8.254,9,,,,,,,,,,,,,45000,42992,7.160,7,,,,
55000,53137,8.254,9,,,,,,,,,,,,,45000,42992,7.160,7,,,,
55000,53141,8.254,9,,,,,,,,,,,,,45000,42992,7.160,7,,,,
55000,53142,8.254,9,,,,,,,,,,,,,45000,42992,7.160,7,,,,
55000,53159,8.256,9,,,,,,,,,,,,,45000,42992,7.160,7,,,,
55000,53163,8.257,9,,,,,,,,,,,,,45000,42992,7.160,7,,,,
55000,53167,8.257,9,,,,,,,,,,,,,45000,42992,7.160,7,,,,
55000,53169,8.257,9,,,,,,,,,,,,,45000,42992,7.160,7,,,,
55000,53171,8.257,9,,,,,,,,,,,,,45000,42992,7.160,7,,,,
55000,53177,8.258,9,,,,,,,,,,,,,45000,42992,7.160,7,,,,
55000,53184,8.259,9,,,,,,,,,,,,,45000,42992,7.160,7,,,,
55000,53219,8.262,9,,,,,,,,,,,,,45000,42992,7.160,7,,,,
55000,53235,8.264,9,,,,,,,,,,,,,45000,42992,7.160,7,,,,
55000,53253,8.266,9,,,,,,,,,,,,,45000,42992,7.160,7,,,,
55000,53255,8.266,9,,,,,,,,,,,,,45000,42992,7.160,7,,,,
55000,53277,8.268,9,,,,,,,,,,,,,45000,42992,7.160,7,,,,
55000,53278,8.269,9,,,,,,,,,,,,,45000,42992,7.160,7,,,,
55000,53287,8.270,9,,,,,,,,,,,,,45000,42992,7.160,7,,,,
55000,53317,8.273,9,,,,,,,,,,,,,45000,42992,7.160,7,,,,
55000,53325,8.273,9,,,,,,,,,,,,,45000,42992,7.160,7,,,,
55000,53332,8.274,9,,,,,,,,,,,,,45000,42992,7.160,7,,,,
55000,53350,8.276,9,,,,,,,,,,,,,45000,42992,7.160,7,,,,
55000,53387,8.280,9,,,,,,,,,,,,,45000,42992,7.160,7,,,,
55000,53395,8.281,9,,,,,,,,,,,,,45000,42992,7.160,7,,,,
55000,53396,8.281,9,,,,,,,,,,,,,45000,42992,7.160,7,,,,
55000,53408,8.282,9,,,,,,,,,,,,,45000,42992,7.160,7,,,,
55000,53411,8.282,9,,,,,,,,,,,,,45000,42992,7.160,7,,,,
55000,53425,8.284,9,,,,,,,,,,,,,45000,42992,7.160,7,,,,
55000,53432,8.285,9,,,,,,,,,,,,,45000,42992,7.160,7,,,,
55000,53455,8.287,9,,,,,,,,,,,,,45000,42992,7.160,7,,,,
55000,53467,8.288,9,,,,,,,,,,,,,45000,42992,7.160,7,,,,
55000,53486,8.290,9,,,,,,,,,,,,,45000,42992,7.160,7,,,,
55000,53526,8.294,9,,,,,,,,,,,,,45000,42992,7.160,7,,,,
55000,53565,8.298,9,,,,,,,,,,,,,45000,42992,7.160,7,,,,
55000,53572,8.299,9,,,,,,,,,,,,,45000,42992,7.160,7,,,,
55000,53588,8.301,9,,,,,,,,,,,,,45000,42992,7.160,7,,,,
55000,53597,8.302,9,,,,,,,,,,,,,45000,42992,7.160,7,,,,
55000,53598,8.302,9,,,,,,,,,,,,,45000,42992,7.160,7,,,,
55000,53618,8.304,9,,,,,,,,,,,,,45000,42992,7.160,7,,,,
55000,53636,8.306,9,,,,,,,,,,,,,45000,42992,7.160,7,,,,
55000,53636,8.306,9,,,,,,,,,,,,,45000,42992,7.160,7,,,,
55000,53684,8.311,9,,,,,,,,,,,,,45000,42992,7.160,7,,,,
55000,53701,8.313,9,,,,,,,,,,,,,45000,42992,7.160,7,,,,
55000,53746,8.317,9,,,,,,,,,,,,,45000,42992,7.160,7,,,,
55000,53746,8.317,9,,,,,,,,,,,,,45000,42992,7.160,7,,,,
55000,53746,8.317,9,,,,,,,,,,,,,45000,42992,7.160,7,,,,
55000,53746,8.317,9,,,,,,,,,,,,,45000,42992,7.160,7,,,,
55000,53790,8.322,9,,,,,,,,,,,,,45000,42992,7.160,7,,,,
55000,53912,8.334,9,,,,,,,,,,,,,45000,42992,7.160,7,,,,
55000,53932,8.337,9,,,,,,,,,,,,,45000,42992,7.160,7,,,,
55000,53935,8.337,9,,,,,,,,,,,,,45000,42992,7.160,7,,,,
55000,54036,8.347,9,,,,,,,,,,,,,45000,42992,7.160,7,,,,
55000,54314,8.376,9,,,,,,,,,,,,,45000,42992,7.160,7,,,,
55000,54396,8.385,9,,,,,,,,,,,,,45000,42992,7.160,7,,,,
55000,54411,8.386,9,,,,,,,,,,,,,45000,42992,7.160,7,,,,
55000,54470,8.392,9,,,,,,,,,,,,,45000,42992,7.160,7,,,,
55000,54495,8.395,9,,,,,,,,,,,,,45000,42992,7.160,7,,,,
55000,54655,8.411,9,,,,,,,,,,,,,45000,42992,7.160,7,,,,
55000,54751,8.421,9,,,,,,,,,,,,,45000,42992,7.160,7,,,,
55000,54912,8.438,9,,,,,,,,,,,,,45000,42992,7.160,7,,,,
55000,54986,8.445,9,,,,,,,,,,,,,45000,42992,7.160,7,,,,
55000,54990,8.446,9,,,,,,,,,,,,,45000,42992,7.160,7,,,,
60000,55094,8.457,9,,,,,,,,,,,,,45000,42992,7.160,7,,,,
60000,55094,8.457,9,,,,,,,,,,,,,45000,42992,7.160,7,,,,
60000,55137,8.461,9,,,,,,,,,,,,,45000,42992,7.160,7,,,,
60000,55178,8.465,9,,,,,,,,,,,,,45000,42992,7.160,7,,,,
60000,55213,8.469,9,,,,,,,,,,,,,45000,42992,7.160,7,,,,
60000,55307,8.479,9,,,,,,,,,,,,,45000,42992,7.160,7,,,,
60000,55363,8.484,9,,,,,,,,,,,,,45000,42992,7.160,7,,,,
60000,55524,8.501,9,,,,,,,,,,,,,45000,42992,7.160,7,,,,
60000,55600,8.509,9,,,,,,,,,,,,,45000,42992,7.160,7,,,,
60000,55617,8.510,9,,,,,,,,,,,,,45000,42992,7.160,7,,,,
60000,55735,8.523,9,,,,,,,,,,,,,45000,42992,7.160,7,,,,
60000,55832,8.532,9,,,,,,,,,,,,,45000,42992,7.160,7,,,,
60000,56168,8.567,9,,,,,,,,,,,,,45000,42992,7.160,7,,,,
60000,56189,8.569,9,,,,,,,,,,,,,45000,42992,7.160,7,,,,
60000,56275,8.578,9,,,,,,,,,,,,,45000,42992,7.160,7,,,,
60000,56276,8.578,9,,,,,,,,,,,,,45000,42992,7.160,7,,,,
60000,56279,8.578,9,,,,,,,,,,,,,45000,42992,7.160,7,,,,
60000,56362,8.587,9,,,,,,,,,,,,,45000,42992,7.160,7,,,,
60000,56418,8.592,9,,,,,,,,,,,,,45000,42992,7.160,7,,,,
60000,56439,8.595,9,,,,,,,,,,,,,45000,42992,7.160,7,,,,
60000,56461,8.597,9,,,,,,,,,,,,,45000,42992,7.160,7,,,,
60000,56515,8.602,9,,,,,,,,,,,,,45000,42992,7.160,7,,,,
60000,56528,8.604,9,,,,,,,,,,,,,45000,42992,7.160,7,,,,
60000,56663,8.617,9,,,,,,,,,,,,,45000,42992,7.160,7,,,,
60000,56669,8.618,9,,,,,,,,,,,,,45000,42992,7.160,7,,,,
60000,56692,8.620,9,,,,,,,,,,,,,45000,42992,7.160,7,,,,
60000,56719,8.623,9,,,,,,,,,,,,,45000,42992,7.160,7,,,,
60000,56826,8.634,9,,,,,,,,,,,,,45000,42992,7.160,7,,,,
60000,56852,8.637,9,,,,,,,,,,,,,45000,42992,7.160,7,,,,
60000,56867,8.638,9,,,,,,,,,,,,,45000,42992,7.160,7,,,,
60000,57001,8.652,9,,,,,,,,,,,,,45000,42992,7.160,7,,,,
60000,57050,8.657,9,,,,,,,,,,,,,45000,42992,7.160,7,,,,
60000,57052,8.657,9,,,,,,,,,,,,,45000,42992,7.160,7,,,,
60000,57155,8.668,9,,,,,,,,,,,,,45000,42992,7.160,7,,,,
60000,57155,8.668,9,,,,,,,,,,,,,45000,42992,7.160,7,,,,
60000,57168,8.669,9,,,,,,,,,,,,,45000,42992,7.160,7,,,,
60000,57253,8.678,9,,,,,,,,,,,,,45000,42992,7.160,7,,,,
60000,57256,8.678,9,,,,,,,,,,,,,45000,42992,7.160,7,,,,
60000,57256,8.678,9,,,,,,,,,,,,,45000,42992,7.160,7,,,,
60000,57278,8.680,9,,,,,,,,,,,,,45000,42992,7.160,7,,,,
60000,57293,8.682,9,,,,,,,,,,,,,45000,42992,7.160,7,,,,
60000,57315,8.684,9,,,,,,,,,,,,,45000,42992,7.160,7,,,,
60000,57328,8.685,9,,,,,,,,,,,,,45000,42992,7.160,7,,,,
60000,57346,8.687,9,,,,,,,,,,,,,45000,42992,7.160,7,,,,
60000,57387,8.691,9,,,,,,,,,,,,,45000,42992,7.160,7,,,,
60000,57401,8.693,9,,,,,,,,,,,,,45000,42992,7.160,7,,,,
60000,57647,8.718,9,,,,,,,,,,,,,45000,42992,7.160,7,,,,
60000,57701,8.723,9,,,,,,,,,,,,,45000,42992,7.160,7,,,,
60000,57726,8.726,9,,,,,,,,,,,,,45000,42992,7.160,7,,,,
60000,57737,8.727,9,,,,,,,,,,,,,45000,42992,7.160,7,,,,
60000,57754,8.728,9,,,,,,,,,,,,,45000,42992,7.160,7,,,,
60000,57754,8.728,9,,,,,,,,,,,,,45000,42992,7.160,7,,,,
60000,57766,8.730,9,,,,,,,,,,,,,45000,42992,7.160,7,,,,
60000,57775,8.731,9,,,,,,,,,,,,,45000,42992,7.160,7,,,,
60000,58027,8.756,9,,,,,,,,,,,,,45000,42992,7.160,7,,,,
60000,58037,8.757,9,,,,,,,,,,,,,45000,42992,7.160,7,,,,
60000,58043,8.758,9,,,,,,,,,,,,,45000,42992,7.160,7,,,,
60000,58059,8.759,9,,,,,,,,,,,,,45000,42992,7.160,7,,,,
60000,58059,8.759,9,,,,,,,,,,,,,45000,42992,7.160,7,,,,
60000,58059,8.759,9,,,,,,,,,,,,,45000,42992,7.160,7,,,,
60000,58065,8.760,9,,,,,,,,,,,,,45000,42992,7.160,7,,,,
60000,58076,8.761,9,,,,,,,,,,,,,45000,42992,7.160,7,,,,
60000,58106,8.764,9,,,,,,,,,,,,,50000,48037,7.714,7,,,,
60000,58150,8.769,9,,,,,,,,,,,,,50000,48037,7.714,7,,,,
60000,58159,8.769,9,,,,,,,,,,,,,50000,48037,7.714,7,,,,
60000,58166,8.770,9,,,,,,,,,,,,,50000,48037,7.714,7,,,,
60000,58211,8.775,9,,,,,,,,,,,,,50000,48037,7.714,7,,,,
60000,58279,8.782,9,,,,,,,,,,,,,50000,48037,7.714,7,,,,
60000,58297,8.783,9,,,,,,,,,,,,,50000,48037,7.714,7,,,,
60000,58308,8.785,9,,,,,,,,,,,,,50000,48037,7.714,7,,,,
60000,58338,8.788,9,,,,,,,,,,,,,50000,48037,7.714,7,,,,
60000,58351,8.789,9,,,,,,,,,,,,,50000,48037,7.714,7,,,,
60000,58353,8.789,9,,,,,,,,,,,,,50000,48037,7.714,7,,,,
60000,58390,8.793,9,,,,,,,,,,,,,50000,48037,7.714,7,,,,
60000,58456,8.799,9,,,,,,,,,,,,,50000,48037,7.714,7,,,,
60000,58471,8.801,9,,,,,,,,,,,,,50000,48037,7.714,7,,,,
60000,58472,8.801,9,,,,,,,,,,,,,50000,48037,7.714,7,,,,
60000,58499,8.804,9,,,,,,,,,,,,,50000,48037,7.714,7,,,,
60000,58550,8.809,9,,,,,,,,,,,,,50000,48037,7.714,7,,,,
60000,58554,8.809,9,,,,,,,,,,,,,50000,48037,7.714,7,,,,
60000,58575,8.811,9,,,,,,,,,,,,,50000,48037,7.714,7,,,,
60000,58578,8.812,9,,,,,,,,,,,,,50000,48037,7.714,7,,,,
60000,58638,8.818,9,,,,,,,,,,,,,50000,48037,7.714,7,,,,
60000,58671,8.821,9,,,,,,,,,,,,,50000,48037,7.714,7,,,,
60000,58692,8.823,9,,,,,,,,,,,,,50000,48037,7.714,7,,,,
60000,58714,8.825,9,,,,,,,,,,,,,50000,48037,7.714,7,,,,
60000,58758,8.830,9,,,,,,,,,,,,,50000,48037,7.714,7,,,,
60000,58848,8.839,9,,,,,,,,,,,,,50000,48037,7.714,7,,,,
60000,58866,8.841,9,,,,,,,,,,,,,50000,48037,7.714,7,,,,
60000,58899,8.844,9,,,,,,,,,,,,,50000,48037,7.714,7,,,,
60000,58979,8.852,9,,,,,,,,,,,,,50000,48037,7.714,7,,,,
60000,58979,8.852,9,,,,,,,,,,,,,50000,48037,7.714,7,,,,
60000,58985,8.853,9,,,,,,,,,,,,,50000,48037,7.714,7,,,,
60000,59016,8.856,9,,,,,,,,,,,,,50000,48037,7.714,7,,,,
60000,59052,8.860,9,,,,,,,,,,,,,50000,48037,7.714,7,,,,
60000,59093,8.864,9,,,,,,,,,,,,,50000,48037,7.714,7,,,,
60000,59167,8.871,9,,,,,,,,,,,,,50000,48037,7.714,7,,,,
60000,59171,8.872,9,,,,,,,,,,,,,50000,48037,7.714,7,,,,
60000,59173,8.872,9,,,,,,,,,,,,,50000,48037,7.714,7,,,,
60000,59179,8.872,9,,,,,,,,,,,,,50000,48037,7.714,7,,,,
60000,59230,8.877,9,,,,,,,,,,,,,50000,48037,7.714,7,,,,
60000,59231,8.878,9,,,,,,,,,,,,,50000,48037,7.714,7,,,,
60000,59268,8.881,9,,,,,,,,,,,,,50000,48037,7.714,7,,,,
60000,59306,8.885,9,,,,,,,,,,,,,50000,48037,7.714,7,,,,
60000,59315,8.886,9,,,,,,,,,,,,,50000,48037,7.714,7,,,,
60000,59346,8.889,9,,,,,,,,,,,,,50000,48037,7.714,7,,,,
60000,59416,8.896,9,,,,,,,,,,,,,50000,48037,7.714,7,,,,
60000,59419,8.896,9,,,,,,,,,,,,,50000,48037,7.714,7,,,,
60000,59443,8.899,9,,,,,,,,,,,,,50000,48037,7.714,7,,,,
60000,59471,8.902,9,,,,,,,,,,,,,50000,48037,7.714,7,,,,
60000,59598,8.914,9,,,,,,,,,,,,,50000,48037,7.714,7,,,,
60000,59617,8.916,9,,,,,,,,,,,,,50000,48037,7.714,7,,,,
60000,59626,8.917,9,,,,,,,,,,,,,50000,48037,7.714,7,,,,
60000,59646,8.919,9,,,,,,,,,,,,,50000,48037,7.714,7,,,,
60000,59652,8.920,9,,,,,,,,,,,,,50000,48037,7.714,7,,,,
60000,59672,8.922,9,,,,,,,,,,,,,50000,48037,7.714,7,,,,
60000,59707,8.925,9,,,,,,,,,,,,,50000,48037,7.714,7,,,,
60000,59708,8.925,9,,,,,,,,,,,,,50000,48037,7.714,7,,,,
60000,59708,8.925,9,,,,,,,,,,,,,50000,48037,7.714,7,,,,
60000,59749,8.930,9,,,,,,,,,,,,,50000,48037,7.714,7,,,,
60000,59794,8.934,9,,,,,,,,,,,,,50000,48037,7.714,7,,,,
60000,59798,8.934,9,,,,,,,,,,,,,50000,48037,7.714,7,,,,
60000,59807,8.935,9,,,,,,,,,,,,,50000,48037,7.714,7,,,,
60000,59837,8.938,9,,,,,,,,,,,,,50000,48037,7.714,7,,,,
60000,59873,8.942,9,,,,,,,,,,,,,50000,48037,7.714,7,,,,
60000,59879,8.943,9,,,,,,,,,,,,,50000,48037,7.714,7,,,,
60000,59906,8.945,9,,,,,,,,,,,,,50000,48037,7.714,7,,,,
60000,59947,8.949,9,,,,,,,,,,,,,50000,48037,7.714,7,,,,
65000,60005,8.955,9,,,,,,,,,,,,,50000,48037,7.714,7,,,,
65000,60190,8.974,9,,,,,,,,,,,,,50000,48037,7.714,7,,,,
65000,60285,8.983,9,,,,,,,,,,,,,50000,48037,7.714,7,,,,
65000,60310,8.986,9,,,,,,,,,,,,,50000,48037,7.714,7,,,,
65000,60526,9.007,9,,,,,,,,,,,,,50000,48037,7.714,7,,,,
65000,60526,9.007,9,,,,,,,,,,,,,50000,48037,7.714,7,,,,
65000,60526,9.007,9,,,,,,,,,,,,,50000,48037,7.714,7,,,,
65000,60579,9.013,9,,,,,,,,,,,,,50000,48037,7.714,7,,,,
65000,60588,9.014,9,,,,,,,,,,,,,50000,48037,7.714,7,,,,
65000,60609,9.016,9,,,,,,,,,,,,,50000,48037,7.714,7,,,,
65000,60727,9.027,9,,,,,,,,,,,,,50000,48037,7.714,7,,,,
65000,60746,9.029,9,,,,,,,,,,,,,50000,48037,7.714,7,,,,
65000,60757,9.030,9,,,,,,,,,,,,,50000,48037,7.714,7,,,,
65000,60813,9.036,9,,,,,,,,,,,,,50000,48037,7.714,7,,,,
65000,60835,9.038,9,,,,,,,,,,,,,50000,48037,7.714,7,,,,
65000,60908,9.045,9,,,,,,,,,,,,,50000,48037,7.714,7,,,,
65000,60973,9.052,9,,,,,,,,,,,,,50000,48037,7.714,7,,,,
65000,60974,9.052,9,,,,,,,,,,,,,50000,48037,7.714,7,,,,
65000,60989,9.053,9,,,,,,,,,,,,,50000,48037,7.714,7,,,,
65000,61027,9.057,9,,,,,,,,,,,,,50000,48037,7.714,7,,,,
65000,61081,9.063,9,,,,,,,,,,,,,50000,48037,7.714,7,,,,
65000,61147,9.069,9,,,,,,,,,,,,,50000,48037,7.714,7,,,,
65000,61164,9.071,9,,,,,,,,,,,,,55000,53301,8.271,9,,,,
65000,61251,9.080,9,,,,,,,,,,,,,55000,53301,8.271,9,,,,
65000,61284,9.083,9,,,,,,,,,,,,,55000,53301,8.271,9,,,,
65000,61395,9.094,9,,,,,,,,,,,,,55000,53301,8.271,9,,,,
65000,61440,9.098,9,,,,,,,,,,,,,55000,53301,8.271,9,,,,
65000,61511,9.105,9,,,,,,,,,,,,,55000,53301,8.271,9,,,,
65000,61567,9.111,9,,,,,,,,,,,,,55000,53301,8.271,9,,,,
65000,61626,9.117,9,,,,,,,,,,,,,55000,53301,8.271,9,,,,
65000,61808,9.135,9,,,,,,,,,,,,,55000,53301,8.271,9,,,,
65000,62306,9.184,9,,,,,,,,,,,,,55000,53301,8.271,9,,,,
65000,62437,9.197,9,,,,,,,,,,,,,55000,53301,8.271,9,,,,
65000,62466,9.200,9,,,,,,,,,,,,,55000,53301,8.271,9,,,,
65000,62515,9.205,9,,,,,,,,,,,,,55000,53301,8.271,9,,,,
65000,62558,9.209,9,,,,,,,,,,,,,55000,53301,8.271,9,,,,
65000,62661,9.219,9,,,,,,,,,,,,,55000,53301,8.271,9,,,,
65000,62738,9.227,9,,,,,,,,,,,,,55000,53301,8.271,9,,,,
65000,62991,9.252,9,,,,,,,,,,,,,55000,53301,8.271,9,,,,
65000,63334,9.286,9,,,,,,,,,,,,,55000,53301,8.271,9,,,,
65000,63344,9.287,9,,,,,,,,,,,,,55000,53301,8.271,9,,,,
65000,64477,9.398,9,,,,,,,,,,,,,55000,53301,8.271,9,,,,
65000,64494,9.399,9,,,,,,,,,,,,,55000,53301,8.271,9,,,,
65000,64511,9.401,9,,,,,,,,,,,,,55000,53301,8.271,9,,,,
65000,64562,9.406,9,,,,,,,,,,,,,55000,53301,8.271,9,,,,
65000,64592,9.409,9,,,,,,,,,,,,,55000,53301,8.271,9,,,,
65000,64613,9.411,9,,,,,,,,,,,,,55000,53301,8.271,9,,,,
65000,64618,9.411,9,,,,,,,,,,,,,55000,53301,8.271,9,,,,
65000,64787,9.428,9,,,,,,,,,,,,,55000,53301,8.271,9,,,,
65000,64791,9.428,9,,,,,,,,,,,,,55000,53301,8.271,9,,,,
65000,64807,9.430,9,,,,,,,,,,,,,55000,53301,8.271,9,,,,
70000,65100,9.459,9,,,,,,,,,,,,,55000,53301,8.271,9,,,,
70000,65108,9.459,9,,,,,,,,,,,,,55000,53301,8.271,9,,,,
70000,65237,9.472,9,,,,,,,,,,,,,55000,53301,8.271,9,,,,
70000,65243,9.472,9,,,,,,,,,,,,,55000,53301,8.271,9,,,,
70000,65766,9.523,9,,,,,,,,,,,,,55000,53301,8.271,9,,,,
70000,65839,9.530,9,,,,,,,,,,,,,55000,53301,8.271,9,,,,
70000,66507,9.595,9,,,,,,,,,,,,,55000,53301,8.271,9,,,,
70000,67169,9.659,9,,,,,,,,,,,,,55000,53301,8.271,9,,,,
70000,67188,9.661,9,,,,,,,,,,,,,55000,53301,8.271,9,,,,
70000,67277,9.670,9,,,,,,,,,,,,,55000,53301,8.271,9,,,,
70000,67324,9.674,9,,,,,,,,,,,,,55000,53301,8.271,9,,,,
70000,67349,9.677,9,,,,,,,,,,,,,55000,53301,8.271,9,,,,
70000,67383,9.680,9,,,,,,,,,,,,,55000,53301,8.271,9,,,,
70000,67391,9.681,9,,,,,,,,,,,,,55000,53301,8.271,9,,,,
70000,67406,9.682,9,,,,,,,,,,,,,55000,53301,8.271,9,,,,
70000,67436,9.685,9,,,,,,,,,,,,,55000,53301,8.271,9,,,,
70000,67451,9.686,9,,,,,,,,,,,,,55000,53301,8.271,9,,,,
70000,67480,9.689,9,,,,,,,,,,,,,55000,53301,8.271,9,,,,
70000,67496,9.691,9,,,,,,,,,,,,,55000,53301,8.271,9,,,,
70000,67509,9.692,9,,,,,,,,,,,,,55000,53301,8.271,9,,,,
70000,67592,9.700,9,,,,,,,,,,,,,55000,53301,8.271,9,,,,
70000,67702,9.711,9,,,,,,,,,,,,,55000,53301,8.271,9,,,,
70000,67744,9.715,9,,,,,,,,,,,,,55000,53301,8.271,9,,,,
70000,67774,9.717,9,,,,,,,,,,,,,55000,53301,8.271,9,,,,
70000,67776,9.718,9,,,,,,,,,,,,,55000,53301,8.271,9,,,,
70000,67880,9.728,9,,,,,,,,,,,,,55000,53301,8.271,9,,,,
70000,67949,9.734,9,,,,,,,,,,,,,55000,53301,8.271,9,,,,
70000,68004,9.740,9,,,,,,,,,,,,,55000,53301,8.271,9,,,,
70000,68015,9.741,9,,,,,,,,,,,,,55000,53301,8.271,9,,,,
70000,68016,9.741,9,,,,,,,,,,,,,55000,53301,8.271,9,,,,
70000,68043,9.743,9,,,,,,,,,,,,,55000,53301,8.271,9,,,,
70000,68086,9.747,9,,,,,,,,,,,,,55000,53301,8.271,9,,,,
70000,68090,9.748,9,,,,,,,,,,,,,55000,53301,8.271,9,,,,
70000,68133,9.752,9,,,,,,,,,,,,,55000,53301,8.271,9,,,,
70000,68138,9.752,9,,,,,,,,,,,,,55000,53301,8.271,9,,,,
70000,68171,9.756,9,,,,,,,,,,,,,55000,53301,8.271,9,,,,
70000,68179,9.756,9,,,,,,,,,,,,,55000,53301,8.271,9,,,,
70000,68193,9.758,9,,,,,,,,,,,,,55000,53301,8.271,9,,,,
70000,68196,9.758,9,,,,,,,,,,,,,55000,53301,8.271,9,,,,
70000,68203,9.759,9,,,,,,,,,,,,,55000,53301,8.271,9,,,,
70000,68227,9.761,9,,,,,,,,,,,,,55000,53301,8.271,9,,,,
70000,68235,9.762,9,,,,,,,,,,,,,55000,53301,8.271,9,,,,
70000,68245,9.763,9,,,,,,,,,,,,,55000,53301,8.271,9,,,,
70000,68249,9.763,9,,,,,,,,,,,,,55000,53301,8.271,9,,,,
70000,68262,9.764,9,,,,,,,,,,,,,55000,53301,8.271,9,,,,
70000,68293,9.767,9,,,,,,,,,,,,,55000,53301,8.271,9,,,,
70000,68296,9.768,9,,,,,,,,,,,,,55000,53301,8.271,9,,,,
70000,68306,9.769,9,,,,,,,,,,,,,55000,53301,8.271,9,,,,
70000,68307,9.769,9,,,,,,,,,,,,,55000,53301,8.271,9,,,,
70000,68311,9.769,9,,,,,,,,,,,,,55000,53301,8.271,9,,,,
70000,68311,9.769,9,,,,,,,,,,,,,55000,53301,8.271,9,,,,
70000,68314,9.769,9,,,,,,,,,,,,,55000,53301,8.271,9,,,,
70000,68323,9.770,9,,,,,,,,,,,,,55000,53301,8.271,9,,,,
70000,68324,9.770,9,,,,,,,,,,,,,55000,53301,8.271,9,,,,
70000,68327,9.771,9,,,,,,,,,,,,,55000,53301,8.271,9,,,,
70000,68328,9.771,9,,,,,,,,,,,,,55000,53301,8.271,9,,,,
70000,68334,9.771,9,,,,,,,,,,,,,55000,53301,8.271,9,,,,
70000,68346,9.772,9,,,,,,,,,,,,,55000,53301,8.271,9,,,,
70000,68355,9.773,9,,,,,,,,,,,,,55000,53301,8.271,9,,,,
70000,68367,9.774,9,,,,,,,,,,,,,55000,53301,8.271,9,,,,
70000,68386,9.776,9,,,,,,,,,,,,,60000,58346,8.788,9,,,,
70000,68405,9.778,9,,,,,,,,,,,,,60000,58346,8.788,9,,,,
70000,68415,9.779,9,,,,,,,,,,,,,60000,58346,8.788,9,,,,
70000,68415,9.779,9,,,,,,,,,,,,,60000,58346,8.788,9,,,,
70000,68427,9.780,9,,,,,,,,,,,,,60000,58346,8.788,9,,,,
70000,68428,9.780,9,,,,,,,,,,,,,60000,58346,8.788,9,,,,
70000,68432,9.781,9,,,,,,,,,,,,,60000,58346,8.788,9,,,,
70000,68450,9.782,9,,,,,,,,,,,,,60000,58346,8.788,9,,,,
70000,68472,9.784,9,,,,,,,,,,,,,60000,58346,8.788,9,,,,
70000,68479,9.785,9,,,,,,,,,,,,,60000,58346,8.788,9,,,,
70000,68480,9.785,9,,,,,,,,,,,,,60000,58346,8.788,9,,,,
70000,68482,9.785,9,,,,,,,,,,,,,60000,58346,8.788,9,,,,
70000,68488,9.786,9,,,,,,,,,,,,,60000,58346,8.788,9,,,,
70000,68492,9.786,9,,,,,,,,,,,,,60000,58346,8.788,9,,,,
70000,68493,9.787,9,,,,,,,,,,,,,60000,58346,8.788,9,,,,
70000,68493,9.787,9,,,,,,,,,,,,,60000,58346,8.788,9,,,,
70000,68494,9.787,9,,,,,,,,,,,,,60000,58346,8.788,9,,,,
70000,68506,9.788,9,,,,,,,,,,,,,60000,58346,8.788,9,,,,
70000,68509,9.788,9,,,,,,,,,,,,,60000,58346,8.788,9,,,,
70000,68515,9.789,9,,,,,,,,,,,,,60000,58346,8.788,9,,,,
70000,68521,9.789,9,,,,,,,,,,,,,60000,58346,8.788,9,,,,
70000,68547,9.792,9,,,,,,,,,,,,,60000,58346,8.788,9,,,,
70000,68568,9.794,9,,,,,,,,,,,,,60000,58346,8.788,9,,,,
70000,68569,9.794,9,,,,,,,,,,,,,60000,58346,8.788,9,,,,
70000,68576,9.794,9,,,,,,,,,,,,,60000,58346,8.788,9,,,,
70000,68596,9.796,9,,,,,,,,,,,,,60000,58346,8.788,9,,,,
70000,68598,9.797,9,,,,,,,,,,,,,60000,58346,8.788,9,,,,
70000,68600,9.797,9,,,,,,,,,,,,,60000,58346,8.788,9,,,,
70000,68603,9.797,9,,,,,,,,,,,,,60000,58346,8.788,9,,,,
70000,68604,9.797,9,,,,,,,,,,,,,60000,58346,8.788,9,,,,
70000,68607,9.797,9,,,,,,,,,,,,,60000,58346,8.788,9,,,,
70000,68608,9.798,9,,,,,,,,,,,,,60000,58346,8.788,9,,,,
70000,68628,9.799,9,,,,,,,,,,,,,60000,58346,8.788,9,,,,
70000,68633,9.800,9,,,,,,,,,,,,,60000,58346,8.788,9,,,,
70000,68662,9.803,9,,,,,,,,,,,,,60000,58346,8.788,9,,,,
70000,68664,9.803,9,,,,,,,,,,,,,60000,58346,8.788,9,,,,
70000,68668,9.803,9,,,,,,,,,,,,,60000,58346,8.788,9,,,,
70000,68669,9.803,9,,,,,,,,,,,,,60000,58346,8.788,9,,,,
70000,68671,9.804,9,,,,,,,,,,,,,60000,58346,8.788,9,,,,
70000,68674,9.804,9,,,,,,,,,,,,,60000,58346,8.788,9,,,,
70000,68675,9.804,9,,,,,,,,,,,,,60000,58346,8.788,9,,,,
70000,68685,9.805,9,,,,,,,,,,,,,60000,58346,8.788,9,,,,
70000,68711,9.807,9,,,,,,,,,,,,,60000,58346,8.788,9,,,,
70000,68714,9.808,9,,,,,,,,,,,,,60000,58346,8.788,9,,,,
70000,68716,9.808,9,,,,,,,,,,,,,60000,58346,8.788,9,,,,
70000,68719,9.808,9,,,,,,,,,,,,,60000,58346,8.788,9,,,,
70000,68720,9.808,9,,,,,,,,,,,,,60000,58346,8.788,9,,,,
70000,68735,9.810,9,,,,,,,,,,,,,60000,58346,8.788,9,,,,
70000,68735,9.810,9,,,,,,,,,,,,,60000,58346,8.788,9,,,,
70000,68750,9.811,9,,,,,,,,,,,,,60000,58346,8.788,9,,,,
70000,68774,9.813,9,,,,,,,,,,,,,60000,58346,8.788,9,,,,
70000,68791,9.815,9,,,,,,,,,,,,,60000,58346,8.788,9,,,,
70000,68792,9.815,9,,,,,,,,,,,,,60000,58346,8.788,9,,,,
70000,68798,9.816,9,,,,,,,,,,,,,60000,58346,8.788,9,,,,
70000,68804,9.816,9,,,,,,,,,,,,,60000,58346,8.788,9,,,,
70000,68807,9.817,9,,,,,,,,,,,,,60000,58346,8.788,9,,,,
70000,68821,9.818,9,,,,,,,,,,,,,60000,58346,8.788,9,,,,
70000,68839,9.820,9,,,,,,,,,,,,,60000,58346,8.788,9,,,,
70000,68839,9.820,9,,,,,,,,,,,,,60000,58346,8.788,9,,,,
70000,68839,9.820,9,,,,,,,,,,,,,60000,58346,8.788,9,,,,
70000,68850,9.821,9,,,,,,,,,,,,,60000,58346,8.788,9,,,,
70000,68866,9.822,9,,,,,,,,,,,,,65000,63172,9.270,9,,,,
70000,68873,9.823,9,,,,,,,,,,,,,65000,63172,9.270,9,,,,
70000,68875,9.823,9,,,,,,,,,,,,,65000,63172,9.270,9,,,,
70000,68878,9.823,9,,,,,,,,,,,,,65000,63172,9.270,9,,,,
70000,68884,9.824,9,,,,,,,,,,,,,65000,63172,9.270,9,,,,
70000,68921,9.827,9,,,,,,,,,,,,,65000,63172,9.270,9,,,,
70000,68939,9.829,9,,,,,,,,,,,,,65000,63172,9.270,9,,,,
70000,68952,9.830,9,,,,,,,,,,,,,65000,63172,9.270,9,,,,
70000,68992,9.834,9,,,,,,,,,,,,,65000,63172,9.270,9,,,,
70000,68992,9.834,9,,,,,,,,,,,,,65000,63172,9.270,9,,,,
70000,68999,9.835,9,,,,,,,,,,,,,65000,63172,9.270,9,,,,
70000,69000,9.835,9,,,,,,,,,,,,,65000,63172,9.270,9,,,,
70000,69009,9.836,9,,,,,,,,,,,,,65000,63172,9.270,9,,,,
70000,69030,9.838,9,,,,,,,,,,,,,65000,63172,9.270,9,,,,
70000,69037,9.839,9,,,,,,,,,,,,,65000,63172,9.270,9,,,,
70000,69059,9.841,9,,,,,,,,,,,,,65000,63172,9.270,9,,,,
70000,69099,9.845,9,,,,,,,,,,,,,65000,63172,9.270,9,,,,
70000,69118,9.846,9,,,,,,,,,,,,,65000,63172,9.270,9,,,,
70000,69129,9.847,9,,,,,,,,,,,,,65000,63172,9.270,9,,,,
70000,69165,9.851,9,,,,,,,,,,,,,65000,63172,9.270,9,,,,
70000,69174,9.852,9,,,,,,,,,,,,,65000,63172,9.270,9,,,,
70000,69271,9.861,9,,,,,,,,,,,,,65000,63172,9.270,9,,,,
70000,69279,9.862,9,,,,,,,,,,,,,65000,63172,9.270,9,,,,
70000,69321,9.866,9,,,,,,,,,,,,,65000,63172,9.270,9,,,,
70000,69377,9.871,9,,,,,,,,,,,,,65000,63172,9.270,9,,,,
70000,69378,9.871,9,,,,,,,,,,,,,65000,63172,9.270,9,,,,
70000,69409,9.874,9,,,,,,,,,,,,,65000,63172,9.270,9,,,,
70000,69439,9.877,9,,,,,,,,,,,,,65000,63172,9.270,9,,,,
70000,69450,9.878,9,,,,,,,,,,,,,65000,63172,9.270,9,,,,
70000,69641,9.896,9,,,,,,,,,,,,,65000,63172,9.270,9,,,,
70000,69653,9.897,9,,,,,,,,,,,,,65000,63172,9.270,9,,,,
70000,69777,9.909,9,,,,,,,,,,,,,65000,63172,9.270,9,,,,
70000,69815,9.913,9,,,,,,,,,,,,,65000,63172,9.270,9,,,,
70000,69819,9.913,9,,,,,,,,,,,,,65000,63172,9.270,9,,,,
70000,69864,9.918,9,,,,,,,,,,,,,65000,63172,9.270,9,,,,
70000,69904,9.921,9,,,,,,,,,,,,,65000,63172,9.270,9,,,,
75000,70110,9.941,9,,,,,,,,,,,,,65000,63172,9.270,9,,,,
75000,70115,9.941,9,,,,,,,,,,,,,70000,68217,9.760,9,,,,
75000,70120,9.942,9,,,,,,,,,,,,,70000,68217,9.760,9,,,,
75000,70214,9.951,9,,,,,,,,,,,,,70000,68217,9.760,9,,,,
75000,70265,9.956,9,,,,,,,,,,,,,70000,68217,9.760,9,,,,
75000,70270,9.956,9,,,,,,,,,,,,,70000,68217,9.760,9,,,,
75000,70428,9.971,9,,,,,,,,,,,,,70000,68217,9.760,9,,,,
75000,70506,9.979,9,,,,,,,,,,,,,70000,68217,9.760,9,,,,
75000,70654,9.993,9,,,,,,,,,,,,,70000,68217,9.760,9,,,,
75000,70657,9.993,9,,,,,,,,,,,,,70000,68217,9.760,9,,,,
75000,70667,9.994,9,,,,,,,,,,,,,70000,68217,9.760,9,,,,
75000,70797,10.006,,,,,,,,,,,,,,70000,68217,9.760,9,,,,
75000,70838,10.010,,,,,,,,,,,,,,70000,68217,9.760,9,,,,
75000,70841,10.010,,,,,,,,,,,,,,70000,68217,9.760,9,,,,
75000,71058,10.031,,,,,,,,,,,,,,70000,68217,9.760,9,,,,
75000,71092,10.034,,,,,,,,,,,,,,70000,68217,9.760,9,,,,
75000,71184,10.043,,,,,,,,,,,,,,70000,68217,9.760,9,,,,
75000,71200,10.044,,,,,,,,,,,,,,70000,68217,9.760,9,,,,
75000,71214,10.046,,,,,,,,,,,,,,70000,68217,9.760,9,,,,
75000,71341,10.058,,,,,,,,,,,,,,70000,68217,9.760,9,,,,
75000,71415,10.065,,,,,,,,,,,,,,70000,68217,9.760,9,,,,
75000,71436,10.067,,,,,,,,,,,,,,70000,68217,9.760,9,,,,
75000,71547,10.077,,,,,,,,,,,,,,70000,68217,9.760,9,,,,
75000,71565,10.079,,,,,,,,,,,,,,70000,68217,9.760,9,,,,
75000,71565,10.079,,,,,,,,,,,,,,70000,68217,9.760,9,,,,
75000,71726,10.094,,,,,,,,,,,,,,70000,68217,9.760,9,,,,
75000,71752,10.097,,,,,,,,,,,,,,70000,68217,9.760,9,,,,
75000,72108,10.130,,,,,,,,,,,,,,70000,68217,9.760,9,,,,
75000,72109,10.130,,,,,,,,,,,,,,70000,68217,9.760,9,,,,
75000,72139,10.133,,,,,,,,,,,,,,70000,68217,9.760,9,,,,
75000,72790,10.194,,,,,,,,,,,,,,70000,68217,9.760,9,,,,
75000,73453,10.257,,,,,,,,,,,,,,70000,68217,9.760,9,,,,
75000,73495,10.260,,,,,,,,,,,,,,70000,68217,9.760,9,,,,
75000,73784,10.287,,,,,,,,,,,,,,70000,68217,9.760,9,,,,
75000,73808,10.290,,,,,,,,,,,,,,70000,68217,9.760,9,,,,
75000,74073,10.315,,,,,,,,,,,,,,70000,68217,9.760,9,,,,
75000,74210,10.327,,,,,,,,,,,,,,70000,68217,9.760,9,,,,
75000,74431,10.348,,,,,,,,,,,,,,70000,68217,9.760,9,,,,
75000,74483,10.353,,,,,,,,,,,,,,70000,68217,9.760,9,,,,
75000,74491,10.354,,,,,,,,,,,,,,70000,68217,9.760,9,,,,
75000,74533,10.357,,,,,,,,,,,,,,70000,68217,9.760,9,,,,
75000,74533,10.357,,,,,,,,,,,,,,70000,68217,9.760,9,,,,
75000,74576,10.361,,,,,,,,,,,,,,70000,68217,9.760,9,,,,
75000,74655,10.369,,,,,,,,,,,,,,70000,68217,9.760,9,,,,
75000,74675,10.371,,,,,,,,,,,,,,70000,68217,9.760,9,,,,
75000,74711,10.374,,,,,,,,,,,,,,70000,68217,9.760,9,,,,
75000,74731,10.376,,,,,,,,,,,,,,70000,68217,9.760,9,,,,
75000,74896,10.391,,,,,,,,,,,,,,70000,68217,9.760,9,,,,
75000,74914,10.393,,,,,,,,,,,,,,70000,68217,9.760,9,,,,
75000,74969,10.398,,,,,,,,,,,,,,70000,68217,9.760,9,,,,
75000,74997,10.401,,,,,,,,,,,,,,70000,68217,9.760,9,,,,
80000,75075,10.408,,,,,,,,,,,,,,70000,68217,9.760,9,,,,
80000,75101,10.410,,,,,,,,,,,,,,70000,68217,9.760,9,,,,
80000,75114,10.412,,,,,,,,,,,,,,70000,68217,9.760,9,,,,
80000,75339,10.432,,,,,,,,,,,,,,70000,68217,9.760,9,,,,
80000,75366,10.435,,,,,,,,,,,,,,70000,68217,9.760,9,,,,
80000,75453,10.443,,,,,,,,,,,,,,70000,68217,9.760,9,,,,
80000,75462,10.444,,,,,,,,,,,,,,70000,68217,9.760,9,,,,
80000,75554,10.452,,,,,,,,,,,,,,70000,68217,9.760,9,,,,
80000,75565,10.453,,,,,,,,,,,,,,70000,68217,9.760,9,,,,
80000,75586,10.455,,,,,,,,,,,,,,70000,68217,9.760,9,,,,
80000,75586,10.455,,,,,,,,,,,,,,70000,68217,9.760,9,,,,
80000,75603,10.457,,,,,,,,,,,,,,70000,68217,9.760,9,,,,
80000,75626,10.459,,,,,,,,,,,,,,70000,68217,9.760,9,,,,
80000,75660,10.462,,,,,,,,,,,,,,75000,73481,10.259,,,,,
80000,75675,10.464,,,,,,,,,,,,,,75000,73481,10.259,,,,,
80000,75680,10.464,,,,,,,,,,,,,,75000,73481,10.259,,,,,
80000,75685,10.465,,,,,,,,,,,,,,75000,73481,10.259,,,,,
80000,75706,10.467,,,,,,,,,,,,,,75000,73481,10.259,,,,,
80000,75736,10.469,,,,,,,,,,,,,,75000,73481,10.259,,,,,
80000,75772,10.473,,,,,,,,,,,,,,75000,73481,10.259,,,,,
80000,75779,10.473,,,,,,,,,,,,,,75000,73481,10.259,,,,,
80000,75796,10.475,,,,,,,,,,,,,,75000,73481,10.259,,,,,
80000,75808,10.476,,,,,,,,,,,,,,75000,73481,10.259,,,,,
80000,75811,10.476,,,,,,,,,,,,,,75000,73481,10.259,,,,,
80000,75816,10.477,,,,,,,,,,,,,,75000,73481,10.259,,,,,
80000,75822,10.477,,,,,,,,,,,,,,75000,73481,10.259,,,,,
80000,75842,10.479,,,,,,,,,,,,,,75000,73481,10.259,,,,,
80000,75844,10.479,,,,,,,,,,,,,,75000,73481,10.259,,,,,
80000,75894,10.484,,,,,,,,,,,,,,75000,73481,10.259,,,,,
80000,75896,10.484,,,,,,,,,,,,,,75000,73481,10.259,,,,,
80000,75931,10.487,,,,,,,,,,,,,,75000,73481,10.259,,,,,
80000,75933,10.488,,,,,,,,,,,,,,75000,73481,10.259,,,,,
80000,75960,10.490,,,,,,,,,,,,,,75000,73481,10.259,,,,,
80000,75973,10.491,,,,,,,,,,,,,,75000,73481,10.259,,,,,
80000,76012,10.495,,,,,,,,,,,,,,75000,73481,10.259,,,,,
80000,76023,10.496,,,,,,,,,,,,,,75000,73481,10.259,,,,,
80000,76049,10.498,,,,,,,,,,,,,,75000,73481,10.259,,,,,
80000,76050,10.498,,,,,,,,,,,,,,75000,73481,10.259,,,,,
80000,76129,10.506,,,,,,,,,,,,,,75000,73481,10.259,,,,,
80000,76131,10.506,,,,,,,,,,,,,,75000,73481,10.259,,,,,
80000,76169,10.509,,,,,,,,,,,,,,75000,73481,10.259,,,,,
80000,76174,10.510,,,,,,,,,,,,,,75000,73481,10.259,,,,,
80000,76179,10.510,,,,,,,,,,,,,,75000,73481,10.259,,,,,
80000,76217,10.514,,,,,,,,,,,,,,75000,73481,10.259,,,,,
80000,76217,10.514,,,,,,,,,,,,,,75000,73481,10.259,,,,,
80000,76260,10.518,,,,,,,,,,,,,,75000,73481,10.259,,,,,
80000,76271,10.519,,,,,,,,,,,,,,80000,78526,10.727,,,,,
80000,76299,10.521,,,,,,,,,,,,,,80000,78526,10.727,,,,,
80000,76312,10.523,,,,,,,,,,,,,,80000,78526,10.727,,,,,
80000,76323,10.524,,,,,,,,,,,,,,80000,78526,10.727,,,,,
80000,76377,10.529,,,,,,,,,,,,,,80000,78526,10.727,,,,,
80000,76479,10.538,,,,,,,,,,,,,,80000,78526,10.727,,,,,
80000,76483,10.538,,,,,,,,,,,,,,80000,78526,10.727,,,,,
80000,76492,10.539,,,,,,,,,,,,,,80000,78526,10.727,,,,,
80000,76652,10.554,,,,,,,,,,,,,,80000,78526,10.727,,,,,
80000,76653,10.554,,,,,,,,,,,,,,80000,78526,10.727,,,,,
80000,76797,10.567,,,,,,,,,,,,,,80000,78526,10.727,,,,,
80000,76915,10.578,,,,,,,,,,,,,,80000,78526,10.727,,,,,
80000,76944,10.581,,,,,,,,,,,,,,80000,78526,10.727,,,,,
80000,77053,10.591,,,,,,,,,,,,,,80000,78526,10.727,,,,,
80000,77367,10.620,,,,,,,,,,,,,,80000,78526,10.727,,,,,
80000,77832,10.663,,,,,,,,,,,,,,80000,78526,10.727,,,,,
80000,78064,10.684,,,,,,,,,,,,,,80000,78526,10.727,,,,,
80000,78229,10.699,,,,,,,,,,,,,,80000,78526,10.727,,,,,
80000,78296,10.705,,,,,,,,,,,,,,80000,78526,10.727,,,,,
85000,80228,10.882,,,,,,,,,,,,,,80000,78526,10.727,,,,,
85000,80649,10.920,,,,,,,,,,,,,,80000,78526,10.727,,,,,
85000,80650,10.920,,,,,,,,,,,,,,80000,78526,10.727,,,,,
85000,80729,10.927,,,,,,,,,,,,,,80000,78526,10.727,,,,,
85000,80955,10.948,,,,,,,,,,,,,,80000,78526,10.727,,,,,
85000,81128,10.964,,,,,,,,,,,,,,85000,83571,11.184,12,,,,
85000,83724,11.198,12,,,,,,,,,,,,,85000,83571,11.184,12,,,,
90000,85613,11.367,12,,,,,,,,,,,,,85000,83571,11.184,12,,,,
95000,90435,11.792,12,,,,,,,,,,,,,85000,83571,11.184,12,,,,
95000,90460,11.795,12,,,,,,,,,,,,,85000,83571,11.184,12,,,,
95000,92618,11.983,12,,,,,,,,,,,,,85000,83571,11.184,12,,,,
95000,93139,12.028,12,,,,,,,,,,,,,85000,83571,11.184,12,,,,
95000,93577,12.066,12,,,,,,,,,,,,,85000,83571,11.184,12,,,,
95000,93843,12.089,12,,,,,,,,,,,,,85000,83571,11.184,12,,,,
110000,106327,13.145,13,,,,,,,,,,,,,90000,88836,11.652,12,,,,
110000,108297,13.308,13,,,,,,,,,,,,,90000,88836,11.652,12,,,,
110000,108627,13.335,13,,,,,,,,,,,,,90000,88836,11.652,12,,,,
110000,109086,13.373,13,,,,,,,,,,,,,90000,88836,11.652,12,,,,
110000,109270,13.388,13,,,,,,,,,,,,,90000,88836,11.652,12,,,,
110000,109801,13.432,13,,,,,,,,,,,,,90000,88836,11.652,12,,,,
110000,109871,13.438,13,,,,,,,,,,,,,95000,93661,12.073,12,,,,
110000,109901,13.440,13,,,,,,,,,,,,,95000,93661,12.073,12,,,,
110000,109960,13.445,13,,,,,,,,,,,,,95000,93661,12.073,12,,,,
115000,110569,13.495,13,,,,,,,,,,,,,95000,93661,12.073,12,,,,
115000,110764,13.511,13,,,,,,,,,,,,,95000,93661,12.073,12,,,,
115000,110865,13.519,13,,,,,,,,,,,,,100000,98706,12.506,13,,,,
115000,111688,13.586,13,,,,,,,,,,,,,100000,98706,12.506,13,,,,
115000,111970,13.609,13,,,,,,,,,,,,,105000,103751,12.931,13,,,,
115000,112285,13.635,13,,,,,,,,,,,,,105000,103751,12.931,13,,,,
115000,112329,13.639,13,,,,,,,,,,,,,105000,103751,12.931,13,,,,
115000,112351,13.641,13,,,,,,,,,,,,,110000,108796,13.349,13,,,,
115000,113536,13.737,13,,,,,,,,,,,,,110000,108796,13.349,13,,,,
135000,131801,15.183,16,,,,,,,,,,,,,110000,108796,13.349,13,,,,
135000,131909,15.191,16,,,,,,,,,,,,,110000,108796,13.349,13,,,,
135000,133006,15.276,16,,,,,,,,,,,,,110000,108796,13.349,13,,,,
135000,133047,15.279,16,,,,,,,,,,,,,110000,108796,13.349,13,,,,
135000,133531,15.316,16,,,,,,,,,,,,,115000,113841,13.762,13,,,,
135000,133710,15.330,16,,,,,,,,,,,,,115000,113841,13.762,13,,,,
135000,134973,15.427,16,,,,,,,,,,,,,115000,113841,13.762,13,,,,
140000,139262,15.754,16,,,,,,,,,,,,,115000,113841,13.762,13,,,,
145000,142563,16.004,16,,,,,,,,,,,,,115000,113841,13.762,13,,,,
155000,153243,16.799,16,,,,,,,,,,,,,115000,113841,13.762,13,,,,
155000,153401,16.810,16,,,,,,,,,,,,,120000,118886,14.168,,,,,
155000,153714,16.833,16,,,,,,,,,,,,,125000,124151,14.586,,,,,
155000,153766,16.837,16,,,,,,,,,,,,,125000,124151,14.586,,,,,
155000,153772,16.838,16,,,,,,,,,,,,,125000,124151,14.586,,,,,
155000,153817,16.841,16,,,,,,,,,,,,,125000,124151,14.586,,,,,
155000,153882,16.846,16,,,,,,,,,,,,,125000,124151,14.586,,,,,
155000,153894,16.847,16,,,,,,,,,,,,,125000,124151,14.586,,,,,
155000,154017,16.856,16,,,,,,,,,,,,,130000,128976,14.964,,,,,
155000,154061,16.859,16,,,,,,,,,,,,,130000,128976,14.964,,,,,
155000,154349,16.880,16,,,,,,,,,,,,,130000,128976,14.964,,,,,
155000,154397,16.883,16,,,,,,,,,,,,,130000,128976,14.964,,,,,
155000,154434,16.886,16,,,,,,,,,,,,,130000,128976,14.964,,,,,
155000,154462,16.888,16,,,,,,,,,,,,,130000,128976,14.964,,,,,
155000,154466,16.889,16,,,,,,,,,,,,,130000,128976,14.964,,,,,
155000,154474,16.889,16,,,,,,,,,,,,,135000,134021,15.354,16,,,,
155000,154553,16.895,16,,,,,,,,,,,,,135000,134021,15.354,16,,,,
155000,154573,16.896,16,,,,,,,,,,,,,135000,134021,15.354,16,,,,
155000,154584,16.897,16,,,,,,,,,,,,,135000,134021,15.354,16,,,,
155000,154722,16.907,16,,,,,,,,,,,,,135000,134021,15.354,16,,,,
155000,154855,16.917,16,,,,,,,,,,,,,135000,134021,15.354,16,,,,
155000,154872,16.918,16,,,,,,,,,,,,,135000,134021,15.354,16,,,,
155000,154906,16.921,16,,,,,,,,,,,,,140000,139286,15.756,16,,,,
160000,155127,16.937,16,,,,,,,,,,,,,140000,139286,15.756,16,,,,
160000,155131,16.937,16,,,,,,,,,,,,,140000,139286,15.756,16,,,,
160000,155167,16.940,16,,,,,,,,,,,,,140000,139286,15.756,16,,,,
160000,155251,16.946,16,,,,,,,,,,,,,140000,139286,15.756,16,,,,
160000,155286,16.949,16,,,,,,,,,,,,,140000,139286,15.756,16,,,,
160000,155292,16.949,16,,,,,,,,,,,,,140000,139286,15.756,16,,,,
160000,155299,16.950,16,,,,,,,,,,,,,145000,144331,16.137,16,,,,
160000,155372,16.955,16,,,,,,,,,,,,,145000,144331,16.137,16,,,,
160000,155389,16.956,16,,,,,,,,,,,,,145000,144331,16.137,16,,,,
160000,155433,16.959,16,,,,,,,,,,,,,150000,149376,16.513,16,,,,
160000,155445,16.960,16,,,,,,,,,,,,,150000,149376,16.513,16,,,,
160000,155476,16.963,16,,,,,,,,,,,,,150000,149376,16.513,16,,,,
160000,155586,16.971,16,,,,,,,,,,,,,150000,149376,16.513,16,,,,
160000,155601,16.972,16,,,,,,,,,,,,,150000,149376,16.513,16,,,,
160000,155658,16.976,16,,,,,,,,,,,,,150000,149376,16.513,16,,,,
160000,155714,16.980,16,,,,,,,,,,,,,150000,149376,16.513,16,,,,
160000,155759,16.983,16,,,,,,,,,,,,,155000,154421,16.885,16,,,,
160000,155784,16.985,16,,,,,,,,,,,,,155000,154421,16.885,16,,,,
160000,155800,16.986,16,,,,,,,,,,,,,155000,154421,16.885,16,,,,
160000,155886,16.993,16,,,,,,,,,,,,,155000,154421,16.885,16,,,,
160000,155916,16.995,16,,,,,,,,,,,,,155000,154421,16.885,16,,,,
160000,155943,16.997,16,,,,,,,,,,,,,155000,154421,16.885,16,,,,
160000,156060,17.005,,,,,,,,,,,,,,155000,154421,16.885,16,,,,
160000,156102,17.008,,,,,,,,,,,,,,155000,154421,16.885,16,,,,
160000,156199,17.015,,,,,,,,,,,,,,155000,154421,16.885,16,,,,
160000,156221,17.017,,,,,,,,,,,,,,155000,154421,16.885,16,,,,
160000,156281,17.021,,,,,,,,,,,,,,155000,154421,16.885,16,,,,
160000,156374,17.028,,,,,,,,,,,,,,155000,154421,16.885,16,,,,
160000,156471,17.035,,,,,,,,,,,,,,160000,159466,17.253,,,,,
160000,156514,17.038,,,,,,,,,,,,,,160000,159466,17.253,,,,,
160000,156558,17.042,,,,,,,,,,,,,,160000,159466,17.253,,,,,
160000,156646,17.048,,,,,,,,,,,,,,160000,159466,17.253,,,,,
160000,156679,17.050,,,,,,,,,,,,,,160000,159466,17.253,,,,,
160000,156754,17.056,,,,,,,,,,,,,,160000,159466,17.253,,,,,
160000,156758,17.056,,,,,,,,,,,,,,160000,159466,17.253,,,,,
160000,157204,17.089,,,,,,,,,,,,,,160000,159466,17.253,,,,,
160000,157482,17.109,,,,,,,,,,,,,,160000,159466,17.253,,,,,
160000,157568,17.115,,,,,,,,,,,,,,160000,159466,17.253,,,,,
165000,160985,17.363,,,,,,,,,,,,,,160000,159466,17.253,,,,,
165000,164254,17.599,,,,,,,,,,,,,,160000,159466,17.253,,,,,
165000,164602,17.624,,,,,,,,,,,,,,160000,159466,17.253,,,,,
,,,,,,,,,,,,,,,,160000,159466,17.253,,,,,
,,,,,,,,,,,,,,,,160000,159466,17.253,,,,,
,,,,,,,,,,,,,,,,160000,159466,17.253,,,,,
,,,,,,,,,,,,,,,,160000,159466,17.253,,,,,
,,,,,,,,,,,,,,,,160000,159466,17.253,,,,,
,,,,,,,,,,,,,,,,160000,159466,17.253,,,,,
,,,,,,,,,,,,,,,,160000,159466,17.253,,,,,
,,,,,,,,,,,,,,,,165000,164291,17.602,,,,,
,,,,,,,,,,,,,,,,165000,164291,17.602,,,,,
,,,,,,,,,,,,,,,,165000,164291,17.602,,,,,
,,,,,,,,,,,,,,,,165000,164291,17.602,,,,,
,,,,,,,,,,,,,,,,165000,164291,17.602,,,,,
,,,,,,,,,,,,,,,,165000,164291,17.602,,,,,
,,,,,,,,,,,,,,,,165000,164291,17.602,,,,,
,,,,,,,,,,,,,,,,165000,164291,17.602,,,,,
,,,,,,,,,,,,,,,,165000,164291,17.602,,,,,
,,,,,,,,,,,,,,,,165000,164291,17.602,,,,,
,,,,,,,,,,,,,,,,170000,169336,17.963,,,,,
,,,,,,,,,,,,,,,,170000,169336,17.963,,,,,
,,,,,,,,,,,,,,,,170000,169336,17.963,,,,,
,,,,,,,,,,,,,,,,170000,169336,17.963,,,,,
,,,,,,,,,,,,,,,,170000,169336,17.963,,,,,
,,,,,,,,,,,,,,,,170000,169336,17.963,,,,,
,,,,,,,,,,,,,,,,170000,169336,17.963,,,,,
,,,,,,,,,,,,,,,,170000,169336,17.963,,,,,
,,,,,,,,,,,,,,,,170000,169336,17.963,,,,,
,,,,,,,,,,,,,,,,170000,169336,17.963,,,,,
,,,,,,,,,,,,,,,,170000,169336,17.963,,,,,
,,,,,,,,,,,,,,,,170000,169336,17.963,,,,,
,,,,,,,,,,,,,,,,170000,169336,17.963,,,,,
,,,,,,,,,,,,,,,,170000,169336,17.963,,,,,
,,,,,,,,,,,,,,,,170000,169336,17.963,,,,,
,,,,,,,,,,,,,,,,170000,169336,17.963,,,,,
,,,,,,,,,,,,,,,,170000,169336,17.963,,,,,
,,,,,,,,,,,,,,,,175000,174381,18.320,19,,,,
,,,,,,,,,,,,,,,,175000,174381,18.320,19,,,,
,,,,,,,,,,,,,,,,175000,174381,18.320,19,,,,
,,,,,,,,,,,,,,,,175000,174381,18.320,19,,,,
,,,,,,,,,,,,,,,,175000,174381,18.320,19,,,,
,,,,,,,,,,,,,,,,175000,174381,18.320,19,,,,
,,,,,,,,,,,,,,,,175000,174381,18.320,19,,,,
,,,,,,,,,,,,,,,,175000,174381,18.320,19,,,,
,,,,,,,,,,,,,,,,175000,174381,18.320,19,,,,
,,,,,,,,,,,,,,,,175000,174381,18.320,19,,,,
,,,,,,,,,,,,,,,,175000,174381,18.320,19,,,,
,,,,,,,,,,,,,,,,180000,179646,18.689,19,,,,
,,,,,,,,,,,,,,,,180000,179646,18.689,19,,,,
,,,,,,,,,,,,,,,,180000,179646,18.689,19,,,,
,,,,,,,,,,,,,,,,180000,179646,18.689,19,,,,
,,,,,,,,,,,,,,,,180000,179646,18.689,19,,,,
,,,,,,,,,,,,,,,,180000,179646,18.689,19,,,,
,,,,,,,,,,,,,,,,180000,179646,18.689,19,,,,
,,,,,,,,,,,,,,,,180000,179646,18.689,19,,,,
,,,,,,,,,,,,,,,,180000,179646,18.689,19,,,,
,,,,,,,,,,,,,,,,180000,179646,18.689,19,,,,
,,,,,,,,,,,,,,,,185000,184910,19.055,19,,,,
,,,,,,,,,,,,,,,,185000,184910,19.055,19,,,,
,,,,,,,,,,,,,,,,185000,184910,19.055,19,,,,
,,,,,,,,,,,,,,,,185000,184910,19.055,19,,,,
,,,,,,,,,,,,,,,,190000,189955,19.402,19,,,,
,,,,,,,,,,,,,,,,195000,195000,19.747,19,,,,
,,,,,,,,,,,,,,,,195000,195000,19.747,19,,,,
,,,,,,,,,,,,,,,,195000,195000,19.747,19,,,,
,,,,,,,,,,,,,,,,200000,200045,20.088,21,,,,
